Id,Pred
2016_1112_1114,0.658990299
2016_1112_1122,0.84989252
2016_1112_1124,0.304242984
2016_1112_1138,0.865676315
2016_1112_1139,0.386940558
2016_1112_1143,0.459463472
2016_1112_1151,0.585472748
2016_1112_1153,0.467907839
2016_1112_1160,0.511937539
2016_1112_1163,0.324004492
2016_1112_1167,0.850613979
2016_1112_1173,0.6456723
2016_1112_1181,0.417717426
2016_1112_1192,0.874371143
2016_1112_1195,0.838558377
2016_1112_1201,0.744228484
2016_1112_1211,0.48720945
2016_1112_1214,0.780276253
2016_1112_1218,0.787121192
2016_1112_1221,0.891488862
2016_1112_1231,0.46178392
2016_1112_1233,0.765293123
2016_1112_1234,0.31434373
2016_1112_1235,0.24149382
2016_1112_1242,0.187057848
2016_1112_1246,0.168399977
2016_1112_1268,0.459997459
2016_1112_1274,0.301905915
2016_1112_1276,0.656422101
2016_1112_1277,0.334061217
2016_1112_1292,0.846554479
2016_1112_1314,0.114862597
2016_1112_1320,0.697373327
2016_1112_1323,0.283611944
2016_1112_1328,0.379566351
2016_1112_1332,0.125985879
2016_1112_1333,0.608833593
2016_1112_1338,0.687129734
2016_1112_1344,0.406883695
2016_1112_1345,0.254878803
2016_1112_1355,0.780220392
2016_1112_1371,0.230424378
2016_1112_1372,0.810206025
2016_1112_1380,0.835021898
2016_1112_1386,0.504841159
2016_1112_1392,0.560914198
2016_1112_1393,0.637391292
2016_1112_1396,0.422431189
2016_1112_1400,0.472848969
2016_1112_1401,0.21314549
2016_1112_1403,0.666433592
2016_1112_1409,0.736725239
2016_1112_1421,0.792999033
2016_1112_1423,0.64784209
2016_1112_1425,0.47302249
2016_1112_1428,0.29265109
2016_1112_1433,0.306636675
2016_1112_1435,0.549457513
2016_1112_1437,0.314290799
2016_1112_1438,0.357554316
2016_1112_1451,0.863734752
2016_1112_1452,0.251871922
2016_1112_1453,0.658741392
2016_1112_1455,0.504455279
2016_1112_1458,0.439741563
2016_1112_1462,0.23265009
2016_1112_1463,0.799358484
2016_1114_1122,0.689305107
2016_1114_1124,0.166351835
2016_1114_1138,0.712350115
2016_1114_1139,0.163728241
2016_1114_1143,0.168126953
2016_1114_1151,0.280984247
2016_1114_1153,0.277358324
2016_1114_1160,0.272304196
2016_1114_1163,0.210666372
2016_1114_1167,0.755335719
2016_1114_1173,0.365887523
2016_1114_1181,0.194784047
2016_1114_1192,0.68744087
2016_1114_1195,0.774062941
2016_1114_1201,0.607155533
2016_1114_1211,0.234255527
2016_1114_1214,0.556821863
2016_1114_1218,0.655992308
2016_1114_1221,0.752631011
2016_1114_1231,0.264211552
2016_1114_1233,0.693848638
2016_1114_1234,0.115387377
2016_1114_1235,0.094421419
2016_1114_1242,0.05494206
2016_1114_1246,0.072936691
2016_1114_1268,0.163773774
2016_1114_1274,0.107867908
2016_1114_1276,0.319679891
2016_1114_1277,0.155341611
2016_1114_1292,0.616499529
2016_1114_1314,0.093402351
2016_1114_1320,0.309151846
2016_1114_1323,0.109521205
2016_1114_1328,0.15807373
2016_1114_1332,0.046682574
2016_1114_1333,0.225119146
2016_1114_1338,0.373950334
2016_1114_1344,0.209461429
2016_1114_1345,0.166325285
2016_1114_1355,0.312944312
2016_1114_1371,0.12817268
2016_1114_1372,0.685928529
2016_1114_1380,0.594794224
2016_1114_1386,0.191460016
2016_1114_1392,0.642179919
2016_1114_1393,0.44555906
2016_1114_1396,0.22294134
2016_1114_1400,0.18768581
2016_1114_1401,0.074603393
2016_1114_1403,0.40890416
2016_1114_1409,0.262261062
2016_1114_1421,0.626966799
2016_1114_1423,0.480942007
2016_1114_1425,0.216969885
2016_1114_1428,0.08677983
2016_1114_1433,0.231306588
2016_1114_1435,0.320622943
2016_1114_1437,0.084799159
2016_1114_1438,0.129375523
2016_1114_1451,0.686288416
2016_1114_1452,0.054527352
2016_1114_1453,0.60731871
2016_1114_1455,0.202953253
2016_1114_1458,0.121630803
2016_1114_1462,0.055538404
2016_1114_1463,0.655969902
2016_1122_1124,0.085886354
2016_1122_1138,0.571667721
2016_1122_1139,0.130587057
2016_1122_1143,0.079711763
2016_1122_1151,0.143854427
2016_1122_1153,0.126883891
2016_1122_1160,0.142735176
2016_1122_1163,0.127261264
2016_1122_1167,0.456350588
2016_1122_1173,0.149573155
2016_1122_1181,0.148409431
2016_1122_1192,0.500324431
2016_1122_1195,0.484484519
2016_1122_1201,0.345345491
2016_1122_1211,0.118785214
2016_1122_1214,0.265699808
2016_1122_1218,0.40126691
2016_1122_1221,0.526229186
2016_1122_1231,0.110633617
2016_1122_1233,0.397671927
2016_1122_1234,0.124893236
2016_1122_1235,0.087152988
2016_1122_1242,0.057930922
2016_1122_1246,0.058415252
2016_1122_1268,0.107150956
2016_1122_1274,0.07832094
2016_1122_1276,0.167548122
2016_1122_1277,0.086014641
2016_1122_1292,0.423359811
2016_1122_1314,0.069180502
2016_1122_1320,0.261558175
2016_1122_1323,0.107709569
2016_1122_1328,0.087046031
2016_1122_1332,0.051115904
2016_1122_1333,0.138628128
2016_1122_1338,0.14428449
2016_1122_1344,0.093914183
2016_1122_1345,0.087761262
2016_1122_1355,0.226406621
2016_1122_1371,0.102122603
2016_1122_1372,0.363463548
2016_1122_1380,0.434523855
2016_1122_1386,0.098311373
2016_1122_1392,0.286037914
2016_1122_1393,0.181690117
2016_1122_1396,0.128866731
2016_1122_1400,0.097661732
2016_1122_1401,0.077646986
2016_1122_1403,0.277922734
2016_1122_1409,0.194350433
2016_1122_1421,0.309584442
2016_1122_1423,0.274204898
2016_1122_1425,0.122443527
2016_1122_1428,0.086957784
2016_1122_1433,0.106431829
2016_1122_1435,0.12586286
2016_1122_1437,0.100127052
2016_1122_1438,0.109035227
2016_1122_1451,0.444591283
2016_1122_1452,0.058563711
2016_1122_1453,0.37641998
2016_1122_1455,0.12935963
2016_1122_1458,0.07717186
2016_1122_1462,0.065507866
2016_1122_1463,0.497194256
2016_1124_1138,0.891742786
2016_1124_1139,0.317293689
2016_1124_1143,0.48128152
2016_1124_1151,0.49279554
2016_1124_1153,0.439687693
2016_1124_1160,0.647837452
2016_1124_1163,0.313538844
2016_1124_1167,0.819983277
2016_1124_1173,0.629569319
2016_1124_1181,0.451309293
2016_1124_1192,0.886327496
2016_1124_1195,0.823712529
2016_1124_1201,0.784026194
2016_1124_1211,0.419736591
2016_1124_1214,0.876049766
2016_1124_1218,0.819051251
2016_1124_1221,0.849173406
2016_1124_1231,0.572771276
2016_1124_1233,0.827805816
2016_1124_1234,0.25216333
2016_1124_1235,0.329223626
2016_1124_1242,0.177176906
2016_1124_1246,0.202006788
2016_1124_1268,0.452071785
2016_1124_1274,0.379976109
2016_1124_1276,0.618260651
2016_1124_1277,0.489216048
2016_1124_1292,0.849752173
2016_1124_1314,0.195781689
2016_1124_1320,0.558376819
2016_1124_1323,0.22463484
2016_1124_1328,0.545546117
2016_1124_1332,0.115303603
2016_1124_1333,0.600503849
2016_1124_1338,0.533710547
2016_1124_1344,0.360452512
2016_1124_1345,0.409966786
2016_1124_1355,0.719306037
2016_1124_1371,0.338215712
2016_1124_1372,0.822871806
2016_1124_1380,0.876791769
2016_1124_1386,0.451821869
2016_1124_1392,0.618516317
2016_1124_1393,0.465215396
2016_1124_1396,0.421863759
2016_1124_1400,0.485343357
2016_1124_1401,0.283014688
2016_1124_1403,0.678154129
2016_1124_1409,0.628846012
2016_1124_1421,0.872589795
2016_1124_1423,0.666695052
2016_1124_1425,0.510933691
2016_1124_1428,0.316472123
2016_1124_1433,0.450264638
2016_1124_1435,0.459199643
2016_1124_1437,0.343498436
2016_1124_1438,0.347480583
2016_1124_1451,0.886408495
2016_1124_1452,0.335010608
2016_1124_1453,0.768727053
2016_1124_1455,0.366620353
2016_1124_1458,0.435055593
2016_1124_1462,0.288546562
2016_1124_1463,0.690381262
2016_1138_1139,0.178296935
2016_1138_1143,0.123163973
2016_1138_1151,0.284430632
2016_1138_1153,0.200465502
2016_1138_1160,0.279732568
2016_1138_1163,0.217822406
2016_1138_1167,0.612210722
2016_1138_1173,0.300894283
2016_1138_1181,0.214552835
2016_1138_1192,0.650559627
2016_1138_1195,0.638665292
2016_1138_1201,0.505329657
2016_1138_1211,0.220301356
2016_1138_1214,0.50911276
2016_1138_1218,0.547218235
2016_1138_1221,0.676468919
2016_1138_1231,0.173378859
2016_1138_1233,0.553009401
2016_1138_1234,0.216690362
2016_1138_1235,0.147535303
2016_1138_1242,0.090672876
2016_1138_1246,0.079462387
2016_1138_1268,0.243145511
2016_1138_1274,0.114940862
2016_1138_1276,0.266957489
2016_1138_1277,0.083396509
2016_1138_1292,0.552119285
2016_1138_1314,0.095969779
2016_1138_1320,0.386890625
2016_1138_1323,0.197896663
2016_1138_1328,0.142666423
2016_1138_1332,0.07002136
2016_1138_1333,0.199963677
2016_1138_1338,0.235187401
2016_1138_1344,0.25212975
2016_1138_1345,0.187976335
2016_1138_1355,0.307734198
2016_1138_1371,0.181166814
2016_1138_1372,0.425294526
2016_1138_1380,0.563361517
2016_1138_1386,0.249723873
2016_1138_1392,0.40800144
2016_1138_1393,0.320955437
2016_1138_1396,0.232037579
2016_1138_1400,0.149569708
2016_1138_1401,0.08500853
2016_1138_1403,0.397187069
2016_1138_1409,0.330494354
2016_1138_1421,0.485988627
2016_1138_1423,0.422502099
2016_1138_1425,0.260465487
2016_1138_1428,0.145627011
2016_1138_1433,0.19901794
2016_1138_1435,0.240339983
2016_1138_1437,0.17078566
2016_1138_1438,0.18365762
2016_1138_1451,0.646661887
2016_1138_1452,0.09288798
2016_1138_1453,0.597847302
2016_1138_1455,0.214791924
2016_1138_1458,0.153956642
2016_1138_1462,0.146552857
2016_1138_1463,0.560083166
2016_1139_1143,0.411978883
2016_1139_1151,0.508953588
2016_1139_1153,0.479429466
2016_1139_1160,0.50800947
2016_1139_1163,0.306770219
2016_1139_1167,0.801644762
2016_1139_1173,0.680532429
2016_1139_1181,0.461477893
2016_1139_1192,0.809679018
2016_1139_1195,0.840643562
2016_1139_1201,0.765789959
2016_1139_1211,0.415606105
2016_1139_1214,0.686929433
2016_1139_1218,0.741942065
2016_1139_1221,0.818924208
2016_1139_1231,0.605844565
2016_1139_1233,0.832232968
2016_1139_1234,0.240831003
2016_1139_1235,0.267809518
2016_1139_1242,0.16337359
2016_1139_1246,0.170813245
2016_1139_1268,0.510377643
2016_1139_1274,0.36272591
2016_1139_1276,0.49242759
2016_1139_1277,0.360852903
2016_1139_1292,0.772979049
2016_1139_1314,0.19950642
2016_1139_1320,0.539825971
2016_1139_1323,0.227757082
2016_1139_1328,0.453972609
2016_1139_1332,0.139370219
2016_1139_1333,0.529283423
2016_1139_1338,0.715467554
2016_1139_1344,0.409249087
2016_1139_1345,0.361879417
2016_1139_1355,0.701742364
2016_1139_1371,0.326232259
2016_1139_1372,0.806934356
2016_1139_1380,0.840077183
2016_1139_1386,0.438073097
2016_1139_1392,0.699233869
2016_1139_1393,0.656251253
2016_1139_1396,0.339064693
2016_1139_1400,0.482401742
2016_1139_1401,0.236791672
2016_1139_1403,0.558359706
2016_1139_1409,0.633318088
2016_1139_1421,0.81957766
2016_1139_1423,0.716461236
2016_1139_1425,0.495337085
2016_1139_1428,0.293145023
2016_1139_1433,0.403819537
2016_1139_1435,0.519725588
2016_1139_1437,0.307060493
2016_1139_1438,0.395394323
2016_1139_1451,0.7752865
2016_1139_1452,0.21193363
2016_1139_1453,0.679842939
2016_1139_1455,0.416421984
2016_1139_1458,0.418078872
2016_1139_1462,0.210528073
2016_1139_1463,0.651199375
2016_1143_1151,0.736964266
2016_1143_1153,0.35885385
2016_1143_1160,0.649573554
2016_1143_1163,0.353309759
2016_1143_1167,0.925590069
2016_1143_1173,0.748111794
2016_1143_1181,0.532263291
2016_1143_1192,0.910269075
2016_1143_1195,0.933799824
2016_1143_1201,0.811905196
2016_1143_1211,0.513127763
2016_1143_1214,0.913726152
2016_1143_1218,0.821529297
2016_1143_1221,0.903697542
2016_1143_1231,0.646109785
2016_1143_1233,0.898978117
2016_1143_1234,0.31540498
2016_1143_1235,0.36912641
2016_1143_1242,0.300123225
2016_1143_1246,0.172547885
2016_1143_1268,0.570887263
2016_1143_1274,0.459505882
2016_1143_1276,0.695781322
2016_1143_1277,0.389657565
2016_1143_1292,0.877266893
2016_1143_1314,0.279483067
2016_1143_1320,0.748299453
2016_1143_1323,0.286188606
2016_1143_1328,0.534108799
2016_1143_1332,0.151259841
2016_1143_1333,0.596458028
2016_1143_1338,0.706344205
2016_1143_1344,0.477696664
2016_1143_1345,0.371408949
2016_1143_1355,0.811685217
2016_1143_1371,0.341153044
2016_1143_1372,0.86921431
2016_1143_1380,0.904137825
2016_1143_1386,0.536350046
2016_1143_1392,0.725240058
2016_1143_1393,0.673263079
2016_1143_1396,0.446373411
2016_1143_1400,0.556943361
2016_1143_1401,0.3327623
2016_1143_1403,0.74529681
2016_1143_1409,0.739448437
2016_1143_1421,0.922994158
2016_1143_1423,0.717647704
2016_1143_1425,0.455668629
2016_1143_1428,0.406976571
2016_1143_1433,0.48172439
2016_1143_1435,0.591298881
2016_1143_1437,0.494027172
2016_1143_1438,0.509152218
2016_1143_1451,0.90428711
2016_1143_1452,0.46407747
2016_1143_1453,0.75380112
2016_1143_1455,0.61362283
2016_1143_1458,0.570742725
2016_1143_1462,0.4254519
2016_1143_1463,0.834731321
2016_1151_1153,0.494657271
2016_1151_1160,0.3862851
2016_1151_1163,0.213530103
2016_1151_1167,0.714733587
2016_1151_1173,0.485141327
2016_1151_1181,0.321656211
2016_1151_1192,0.730008211
2016_1151_1195,0.793913042
2016_1151_1201,0.582487352
2016_1151_1211,0.352524145
2016_1151_1214,0.628448591
2016_1151_1218,0.641676969
2016_1151_1221,0.798146409
2016_1151_1231,0.455289452
2016_1151_1233,0.726204767
2016_1151_1234,0.243979941
2016_1151_1235,0.20087946
2016_1151_1242,0.081130989
2016_1151_1246,0.108088568
2016_1151_1268,0.413990838
2016_1151_1274,0.220491447
2016_1151_1276,0.422295585
2016_1151_1277,0.272448513
2016_1151_1292,0.687332471
2016_1151_1314,0.153944788
2016_1151_1320,0.571582115
2016_1151_1323,0.25828133
2016_1151_1328,0.252527277
2016_1151_1332,0.116233315
2016_1151_1333,0.283796446
2016_1151_1338,0.630443006
2016_1151_1344,0.348844105
2016_1151_1345,0.253901565
2016_1151_1355,0.504471423
2016_1151_1371,0.254448623
2016_1151_1372,0.748559974
2016_1151_1380,0.738293424
2016_1151_1386,0.406386564
2016_1151_1392,0.568338179
2016_1151_1393,0.555257577
2016_1151_1396,0.18813412
2016_1151_1400,0.376543002
2016_1151_1401,0.122574057
2016_1151_1403,0.526836943
2016_1151_1409,0.442218456
2016_1151_1421,0.643573633
2016_1151_1423,0.590561797
2016_1151_1425,0.327588882
2016_1151_1428,0.225755207
2016_1151_1433,0.360472892
2016_1151_1435,0.413850764
2016_1151_1437,0.193049817
2016_1151_1438,0.264593986
2016_1151_1451,0.649705012
2016_1151_1452,0.138165318
2016_1151_1453,0.648555244
2016_1151_1455,0.247802241
2016_1151_1458,0.341712654
2016_1151_1462,0.218078773
2016_1151_1463,0.704360925
2016_1153_1160,0.544335445
2016_1153_1163,0.384867225
2016_1153_1167,0.722056875
2016_1153_1173,0.487010684
2016_1153_1181,0.582199492
2016_1153_1192,0.830991788
2016_1153_1195,0.836734327
2016_1153_1201,0.769154833
2016_1153_1211,0.551451785
2016_1153_1214,0.84034609
2016_1153_1218,0.728739873
2016_1153_1221,0.840139941
2016_1153_1231,0.661690957
2016_1153_1233,0.736588658
2016_1153_1234,0.535371152
2016_1153_1235,0.407540511
2016_1153_1242,0.273034888
2016_1153_1246,0.312664666
2016_1153_1268,0.558525124
2016_1153_1274,0.447065682
2016_1153_1276,0.657783434
2016_1153_1277,0.474810918
2016_1153_1292,0.797191741
2016_1153_1314,0.246817445
2016_1153_1320,0.641267091
2016_1153_1323,0.515637771
2016_1153_1328,0.535037435
2016_1153_1332,0.292259047
2016_1153_1333,0.545104742
2016_1153_1338,0.815304833
2016_1153_1344,0.595662978
2016_1153_1345,0.492569215
2016_1153_1355,0.699642345
2016_1153_1371,0.239058022
2016_1153_1372,0.798903582
2016_1153_1380,0.815418055
2016_1153_1386,0.617480781
2016_1153_1392,0.729434628
2016_1153_1393,0.687935104
2016_1153_1396,0.442278661
2016_1153_1400,0.563852405
2016_1153_1401,0.282117824
2016_1153_1403,0.602848434
2016_1153_1409,0.574137745
2016_1153_1421,0.764754028
2016_1153_1423,0.799380723
2016_1153_1425,0.540542467
2016_1153_1428,0.557587716
2016_1153_1433,0.63799504
2016_1153_1435,0.632670716
2016_1153_1437,0.40101555
2016_1153_1438,0.592894394
2016_1153_1451,0.760895103
2016_1153_1452,0.462623301
2016_1153_1453,0.806944896
2016_1153_1455,0.527561763
2016_1153_1458,0.513053298
2016_1153_1462,0.36601158
2016_1153_1463,0.76235854
2016_1160_1163,0.36120711
2016_1160_1167,0.843136522
2016_1160_1173,0.668731299
2016_1160_1181,0.425268288
2016_1160_1192,0.871199618
2016_1160_1195,0.832915914
2016_1160_1201,0.833680548
2016_1160_1211,0.577510929
2016_1160_1214,0.763213084
2016_1160_1218,0.789010787
2016_1160_1221,0.871104424
2016_1160_1231,0.447075963
2016_1160_1233,0.805523976
2016_1160_1234,0.3355402
2016_1160_1235,0.222277288
2016_1160_1242,0.186861106
2016_1160_1246,0.166606715
2016_1160_1268,0.437783818
2016_1160_1274,0.301057496
2016_1160_1276,0.610646226
2016_1160_1277,0.332117546
2016_1160_1292,0.859761282
2016_1160_1314,0.157211957
2016_1160_1320,0.681818137
2016_1160_1323,0.31195244
2016_1160_1328,0.408533687
2016_1160_1332,0.131157086
2016_1160_1333,0.605153843
2016_1160_1338,0.697459457
2016_1160_1344,0.420496998
2016_1160_1345,0.254918008
2016_1160_1355,0.752771995
2016_1160_1371,0.29440818
2016_1160_1372,0.814415882
2016_1160_1380,0.863599967
2016_1160_1386,0.527114647
2016_1160_1392,0.587014655
2016_1160_1393,0.543896465
2016_1160_1396,0.485988208
2016_1160_1400,0.502970913
2016_1160_1401,0.21256923
2016_1160_1403,0.684631059
2016_1160_1409,0.697990113
2016_1160_1421,0.827044452
2016_1160_1423,0.703132892
2016_1160_1425,0.377464612
2016_1160_1428,0.294967543
2016_1160_1433,0.342109224
2016_1160_1435,0.524351983
2016_1160_1437,0.320141168
2016_1160_1438,0.323410308
2016_1160_1451,0.836117097
2016_1160_1452,0.304230965
2016_1160_1453,0.692333666
2016_1160_1455,0.558916987
2016_1160_1458,0.540555425
2016_1160_1462,0.347617702
2016_1160_1463,0.829189702
2016_1163_1167,0.737740108
2016_1163_1173,0.709277444
2016_1163_1181,0.565592993
2016_1163_1192,0.759060821
2016_1163_1195,0.840104019
2016_1163_1201,0.721830976
2016_1163_1211,0.521498789
2016_1163_1214,0.765931556
2016_1163_1218,0.740282633
2016_1163_1221,0.845909072
2016_1163_1231,0.603779435
2016_1163_1233,0.749163962
2016_1163_1234,0.602525496
2016_1163_1235,0.399526381
2016_1163_1242,0.297164103
2016_1163_1246,0.294022237
2016_1163_1268,0.702742432
2016_1163_1274,0.60992122
2016_1163_1276,0.698777994
2016_1163_1277,0.436336283
2016_1163_1292,0.786807848
2016_1163_1314,0.327579529
2016_1163_1320,0.646022627
2016_1163_1323,0.535950402
2016_1163_1328,0.495151839
2016_1163_1332,0.270120833
2016_1163_1333,0.684498873
2016_1163_1338,0.691634851
2016_1163_1344,0.517008755
2016_1163_1345,0.430279189
2016_1163_1355,0.700207061
2016_1163_1371,0.321453742
2016_1163_1372,0.7898222
2016_1163_1380,0.79513324
2016_1163_1386,0.583604249
2016_1163_1392,0.653491554
2016_1163_1393,0.622416283
2016_1163_1396,0.3841234
2016_1163_1400,0.612332022
2016_1163_1401,0.251893037
2016_1163_1403,0.651352357
2016_1163_1409,0.624936546
2016_1163_1421,0.738607577
2016_1163_1423,0.643451264
2016_1163_1425,0.493741653
2016_1163_1428,0.543039161
2016_1163_1433,0.421642469
2016_1163_1435,0.696582781
2016_1163_1437,0.453860878
2016_1163_1438,0.63882203
2016_1163_1451,0.766689572
2016_1163_1452,0.395577888
2016_1163_1453,0.632989785
2016_1163_1455,0.482640562
2016_1163_1458,0.571898859
2016_1163_1462,0.366168631
2016_1163_1463,0.77469289
2016_1167_1173,0.336160924
2016_1167_1181,0.208749322
2016_1167_1192,0.77207371
2016_1167_1195,0.715339946
2016_1167_1201,0.636023208
2016_1167_1211,0.384270929
2016_1167_1214,0.579803458
2016_1167_1218,0.653784285
2016_1167_1221,0.807615033
2016_1167_1231,0.239060065
2016_1167_1233,0.65999669
2016_1167_1234,0.343631783
2016_1167_1235,0.132931137
2016_1167_1242,0.068868972
2016_1167_1246,0.094637683
2016_1167_1268,0.343525843
2016_1167_1274,0.143078743
2016_1167_1276,0.460141857
2016_1167_1277,0.067814638
2016_1167_1292,0.679693311
2016_1167_1314,0.061638366
2016_1167_1320,0.464042102
2016_1167_1323,0.346009652
2016_1167_1328,0.112341001
2016_1167_1332,0.078692628
2016_1167_1333,0.340143178
2016_1167_1338,0.573843617
2016_1167_1344,0.36721096
2016_1167_1345,0.1899309
2016_1167_1355,0.40859977
2016_1167_1371,0.241660331
2016_1167_1372,0.745415774
2016_1167_1380,0.719786016
2016_1167_1386,0.31810542
2016_1167_1392,0.673573532
2016_1167_1393,0.536026734
2016_1167_1396,0.429520392
2016_1167_1400,0.246041007
2016_1167_1401,0.077997984
2016_1167_1403,0.345999771
2016_1167_1409,0.482404254
2016_1167_1421,0.57356829
2016_1167_1423,0.624598945
2016_1167_1425,0.307726896
2016_1167_1428,0.12863676
2016_1167_1433,0.307977698
2016_1167_1435,0.318996809
2016_1167_1437,0.132706339
2016_1167_1438,0.179410724
2016_1167_1451,0.63197138
2016_1167_1452,0.091577955
2016_1167_1453,0.571786438
2016_1167_1455,0.338332811
2016_1167_1458,0.243582094
2016_1167_1462,0.078811953
2016_1167_1463,0.6120774
2016_1173_1181,0.379511394
2016_1173_1192,0.773356293
2016_1173_1195,0.856321456
2016_1173_1201,0.75224218
2016_1173_1211,0.424591241
2016_1173_1214,0.70304624
2016_1173_1218,0.788884777
2016_1173_1221,0.848084797
2016_1173_1231,0.554269125
2016_1173_1233,0.815349494
2016_1173_1234,0.340354908
2016_1173_1235,0.25369788
2016_1173_1242,0.152443717
2016_1173_1246,0.155314691
2016_1173_1268,0.417601267
2016_1173_1274,0.270421821
2016_1173_1276,0.531945792
2016_1173_1277,0.409950475
2016_1173_1292,0.849098374
2016_1173_1314,0.135286682
2016_1173_1320,0.587373173
2016_1173_1323,0.263015354
2016_1173_1328,0.431457073
2016_1173_1332,0.104147931
2016_1173_1333,0.500726967
2016_1173_1338,0.629760633
2016_1173_1344,0.364426168
2016_1173_1345,0.26318214
2016_1173_1355,0.686254945
2016_1173_1371,0.259715693
2016_1173_1372,0.735775878
2016_1173_1380,0.860516844
2016_1173_1386,0.550067019
2016_1173_1392,0.504171147
2016_1173_1393,0.412283801
2016_1173_1396,0.317100188
2016_1173_1400,0.392372006
2016_1173_1401,0.199972709
2016_1173_1403,0.531268822
2016_1173_1409,0.61215524
2016_1173_1421,0.819298844
2016_1173_1423,0.605535852
2016_1173_1425,0.336496035
2016_1173_1428,0.254136391
2016_1173_1433,0.220512837
2016_1173_1435,0.407597079
2016_1173_1437,0.301276474
2016_1173_1438,0.269025653
2016_1173_1451,0.811175245
2016_1173_1452,0.241424704
2016_1173_1453,0.590444111
2016_1173_1455,0.417674976
2016_1173_1458,0.42281128
2016_1173_1462,0.277314766
2016_1173_1463,0.72099567
2016_1181_1192,0.852176847
2016_1181_1195,0.921208745
2016_1181_1201,0.86784007
2016_1181_1211,0.489883167
2016_1181_1214,0.885742922
2016_1181_1218,0.842242013
2016_1181_1221,0.909929235
2016_1181_1231,0.607337476
2016_1181_1233,0.886921869
2016_1181_1234,0.303046579
2016_1181_1235,0.276830403
2016_1181_1242,0.166148467
2016_1181_1246,0.08228463
2016_1181_1268,0.329508658
2016_1181_1274,0.390318072
2016_1181_1276,0.586796615
2016_1181_1277,0.358030722
2016_1181_1292,0.85674807
2016_1181_1314,0.164489644
2016_1181_1320,0.702122969
2016_1181_1323,0.305190539
2016_1181_1328,0.423463733
2016_1181_1332,0.071174886
2016_1181_1333,0.727305599
2016_1181_1338,0.815209736
2016_1181_1344,0.599520762
2016_1181_1345,0.316057543
2016_1181_1355,0.80980733
2016_1181_1371,0.270473148
2016_1181_1372,0.887287372
2016_1181_1380,0.902508307
2016_1181_1386,0.667392023
2016_1181_1392,0.837063703
2016_1181_1393,0.753356359
2016_1181_1396,0.5290051
2016_1181_1400,0.671056889
2016_1181_1401,0.23444969
2016_1181_1403,0.77310473
2016_1181_1409,0.743268706
2016_1181_1421,0.890906212
2016_1181_1423,0.830618337
2016_1181_1425,0.435651759
2016_1181_1428,0.300416561
2016_1181_1433,0.468183119
2016_1181_1435,0.666156517
2016_1181_1437,0.305632966
2016_1181_1438,0.356974655
2016_1181_1451,0.874821663
2016_1181_1452,0.26908074
2016_1181_1453,0.768824762
2016_1181_1455,0.60199046
2016_1181_1458,0.630405093
2016_1181_1462,0.263300452
2016_1181_1463,0.839001347
2016_1192_1195,0.605393602
2016_1192_1201,0.322609266
2016_1192_1211,0.12918269
2016_1192_1214,0.347330055
2016_1192_1218,0.418455247
2016_1192_1221,0.569901591
2016_1192_1231,0.162181009
2016_1192_1233,0.454936677
2016_1192_1234,0.112442024
2016_1192_1235,0.118870608
2016_1192_1242,0.074909236
2016_1192_1246,0.098181253
2016_1192_1268,0.175940934
2016_1192_1274,0.119806375
2016_1192_1276,0.226977965
2016_1192_1277,0.107700428
2016_1192_1292,0.437718476
2016_1192_1314,0.095431383
2016_1192_1320,0.288359394
2016_1192_1323,0.101060666
2016_1192_1328,0.126849532
2016_1192_1332,0.103503802
2016_1192_1333,0.129700769
2016_1192_1338,0.234308524
2016_1192_1344,0.162893523
2016_1192_1345,0.161850574
2016_1192_1355,0.258489391
2016_1192_1371,0.115365998
2016_1192_1372,0.456309776
2016_1192_1380,0.493952352
2016_1192_1386,0.125964396
2016_1192_1392,0.404405176
2016_1192_1393,0.209967834
2016_1192_1396,0.124651091
2016_1192_1400,0.088173518
2016_1192_1401,0.087089991
2016_1192_1403,0.237691666
2016_1192_1409,0.256070742
2016_1192_1421,0.410365739
2016_1192_1423,0.324281057
2016_1192_1425,0.168098325
2016_1192_1428,0.124025437
2016_1192_1433,0.143217419
2016_1192_1435,0.162764826
2016_1192_1437,0.127970556
2016_1192_1438,0.191524727
2016_1192_1451,0.432887349
2016_1192_1452,0.103524175
2016_1192_1453,0.462465569
2016_1192_1455,0.140625344
2016_1192_1458,0.098112077
2016_1192_1462,0.083021271
2016_1192_1463,0.484019893
2016_1195_1201,0.580914071
2016_1195_1211,0.378211941
2016_1195_1214,0.501123499
2016_1195_1218,0.666029554
2016_1195_1221,0.754987017
2016_1195_1231,0.190204218
2016_1195_1233,0.623017684
2016_1195_1234,0.377823128
2016_1195_1235,0.1511191
2016_1195_1242,0.054433277
2016_1195_1246,0.093749682
2016_1195_1268,0.214869101
2016_1195_1274,0.111957027
2016_1195_1276,0.453455514
2016_1195_1277,0.102189864
2016_1195_1292,0.652521209
2016_1195_1314,0.073917045
2016_1195_1320,0.483195389
2016_1195_1323,0.259928336
2016_1195_1328,0.10546388
2016_1195_1332,0.067998861
2016_1195_1333,0.328672826
2016_1195_1338,0.469028414
2016_1195_1344,0.327037072
2016_1195_1345,0.155860907
2016_1195_1355,0.437943421
2016_1195_1371,0.178356837
2016_1195_1372,0.658436419
2016_1195_1380,0.625991805
2016_1195_1386,0.379681851
2016_1195_1392,0.650153922
2016_1195_1393,0.445179632
2016_1195_1396,0.403588169
2016_1195_1400,0.217743269
2016_1195_1401,0.09190364
2016_1195_1403,0.412132622
2016_1195_1409,0.385511788
2016_1195_1421,0.474546392
2016_1195_1423,0.525312504
2016_1195_1425,0.248672567
2016_1195_1428,0.080814521
2016_1195_1433,0.26678265
2016_1195_1435,0.342069029
2016_1195_1437,0.105432307
2016_1195_1438,0.139092059
2016_1195_1451,0.646358355
2016_1195_1452,0.070299282
2016_1195_1453,0.560953733
2016_1195_1455,0.288187411
2016_1195_1458,0.27717721
2016_1195_1462,0.069690664
2016_1195_1463,0.750674013
2016_1201_1211,0.250489253
2016_1201_1214,0.66017097
2016_1201_1218,0.60948788
2016_1201_1221,0.722014772
2016_1201_1231,0.33025592
2016_1201_1233,0.663254198
2016_1201_1234,0.212107858
2016_1201_1235,0.20460182
2016_1201_1242,0.103984842
2016_1201_1246,0.107376593
2016_1201_1268,0.290481722
2016_1201_1274,0.19238796
2016_1201_1276,0.34271468
2016_1201_1277,0.120110545
2016_1201_1292,0.667916696
2016_1201_1314,0.108895991
2016_1201_1320,0.418363951
2016_1201_1323,0.152522417
2016_1201_1328,0.183725495
2016_1201_1332,0.126864958
2016_1201_1333,0.281424711
2016_1201_1338,0.370243811
2016_1201_1344,0.370747639
2016_1201_1345,0.236424033
2016_1201_1355,0.388910377
2016_1201_1371,0.205793968
2016_1201_1372,0.592040112
2016_1201_1380,0.723873023
2016_1201_1386,0.195395385
2016_1201_1392,0.483476084
2016_1201_1393,0.451379116
2016_1201_1396,0.219619462
2016_1201_1400,0.252373131
2016_1201_1401,0.109423148
2016_1201_1403,0.440883367
2016_1201_1409,0.252505362
2016_1201_1421,0.656730306
2016_1201_1423,0.56397149
2016_1201_1425,0.274042848
2016_1201_1428,0.16376609
2016_1201_1433,0.344342849
2016_1201_1435,0.347413494
2016_1201_1437,0.17386517
2016_1201_1438,0.242936609
2016_1201_1451,0.68116868
2016_1201_1452,0.141479335
2016_1201_1453,0.708177739
2016_1201_1455,0.2217271
2016_1201_1458,0.21027615
2016_1201_1462,0.14655332
2016_1201_1463,0.532695249
2016_1211_1214,0.544061373
2016_1211_1218,0.497493354
2016_1211_1221,0.704945014
2016_1211_1231,0.484491063
2016_1211_1233,0.700786583
2016_1211_1234,0.208784676
2016_1211_1235,0.189627076
2016_1211_1242,0.08558202
2016_1211_1246,0.159190598
2016_1211_1268,0.335596564
2016_1211_1274,0.171385851
2016_1211_1276,0.321186146
2016_1211_1277,0.368128449
2016_1211_1292,0.64550898
2016_1211_1314,0.150680757
2016_1211_1320,0.426584266
2016_1211_1323,0.158248666
2016_1211_1328,0.289680662
2016_1211_1332,0.082353194
2016_1211_1333,0.318690573
2016_1211_1338,0.641910946
2016_1211_1344,0.306715923
2016_1211_1345,0.367474407
2016_1211_1355,0.562073985
2016_1211_1371,0.181959037
2016_1211_1372,0.605177851
2016_1211_1380,0.671012177
2016_1211_1386,0.39378744
2016_1211_1392,0.461187935
2016_1211_1393,0.480493674
2016_1211_1396,0.246626016
2016_1211_1400,0.277494815
2016_1211_1401,0.161353945
2016_1211_1403,0.38280603
2016_1211_1409,0.413459407
2016_1211_1421,0.663934462
2016_1211_1423,0.412237924
2016_1211_1425,0.321614016
2016_1211_1428,0.208904789
2016_1211_1433,0.357947248
2016_1211_1435,0.429426989
2016_1211_1437,0.197006774
2016_1211_1438,0.198899788
2016_1211_1451,0.581986386
2016_1211_1452,0.187015738
2016_1211_1453,0.46331794
2016_1211_1455,0.306554167
2016_1211_1458,0.23525365
2016_1211_1462,0.142892163
2016_1211_1463,0.663482052
2016_1214_1218,0.541885603
2016_1214_1221,0.624832906
2016_1214_1231,0.24122854
2016_1214_1233,0.632112274
2016_1214_1234,0.246281739
2016_1214_1235,0.139185686
2016_1214_1242,0.086961585
2016_1214_1246,0.091601879
2016_1214_1268,0.136943881
2016_1214_1274,0.089878249
2016_1214_1276,0.326769452
2016_1214_1277,0.12631485
2016_1214_1292,0.622990068
2016_1214_1314,0.081226249
2016_1214_1320,0.464225012
2016_1214_1323,0.196307249
2016_1214_1328,0.115974377
2016_1214_1332,0.059775145
2016_1214_1333,0.232510792
2016_1214_1338,0.248579055
2016_1214_1344,0.226768308
2016_1214_1345,0.153599442
2016_1214_1355,0.421053474
2016_1214_1371,0.140890754
2016_1214_1372,0.511278665
2016_1214_1380,0.591359287
2016_1214_1386,0.245657059
2016_1214_1392,0.499238623
2016_1214_1393,0.196353609
2016_1214_1396,0.259620424
2016_1214_1400,0.154153236
2016_1214_1401,0.102332784
2016_1214_1403,0.335635978
2016_1214_1409,0.27333917
2016_1214_1421,0.446669803
2016_1214_1423,0.550479201
2016_1214_1425,0.205843521
2016_1214_1428,0.088569325
2016_1214_1433,0.218653564
2016_1214_1435,0.230325074
2016_1214_1437,0.130164904
2016_1214_1438,0.101401658
2016_1214_1451,0.556256441
2016_1214_1452,0.088311223
2016_1214_1453,0.503426495
2016_1214_1455,0.235611749
2016_1214_1458,0.181751176
2016_1214_1462,0.088017879
2016_1214_1463,0.608894644
2016_1218_1221,0.657856976
2016_1218_1231,0.450870626
2016_1218_1233,0.672106091
2016_1218_1234,0.23316038
2016_1218_1235,0.184758785
2016_1218_1242,0.107087796
2016_1218_1246,0.12681645
2016_1218_1268,0.298492056
2016_1218_1274,0.113617518
2016_1218_1276,0.298984716
2016_1218_1277,0.252391859
2016_1218_1292,0.656845431
2016_1218_1314,0.138888943
2016_1218_1320,0.375822528
2016_1218_1323,0.17873857
2016_1218_1328,0.200945377
2016_1218_1332,0.083551344
2016_1218_1333,0.182530202
2016_1218_1338,0.336525801
2016_1218_1344,0.284647247
2016_1218_1345,0.291396403
2016_1218_1355,0.402216145
2016_1218_1371,0.251471123
2016_1218_1372,0.524834948
2016_1218_1380,0.62556415
2016_1218_1386,0.298549111
2016_1218_1392,0.405980462
2016_1218_1393,0.289749244
2016_1218_1396,0.193493146
2016_1218_1400,0.1823178
2016_1218_1401,0.161715128
2016_1218_1403,0.255684378
2016_1218_1409,0.208631895
2016_1218_1421,0.550899617
2016_1218_1423,0.390952094
2016_1218_1425,0.296269487
2016_1218_1428,0.211817705
2016_1218_1433,0.316451267
2016_1218_1435,0.26373761
2016_1218_1437,0.268713681
2016_1218_1438,0.161891652
2016_1218_1451,0.626446281
2016_1218_1452,0.109430303
2016_1218_1453,0.486434118
2016_1218_1455,0.174161171
2016_1218_1458,0.112191811
2016_1218_1462,0.15870992
2016_1218_1463,0.516959237
2016_1221_1231,0.147531771
2016_1221_1233,0.477147304
2016_1221_1234,0.0919284
2016_1221_1235,0.04788497
2016_1221_1242,0.037267136
2016_1221_1246,0.045629703
2016_1221_1268,0.069373241
2016_1221_1274,0.038602598
2016_1221_1276,0.224504354
2016_1221_1277,0.054088645
2016_1221_1292,0.460562099
2016_1221_1314,0.032607506
2016_1221_1320,0.227115451
2016_1221_1323,0.077036925
2016_1221_1328,0.064939465
2016_1221_1332,0.042327313
2016_1221_1333,0.105816907
2016_1221_1338,0.202463959
2016_1221_1344,0.171806326
2016_1221_1345,0.075661097
2016_1221_1355,0.230758727
2016_1221_1371,0.080173479
2016_1221_1372,0.502710488
2016_1221_1380,0.452576906
2016_1221_1386,0.137553441
2016_1221_1392,0.423492086
2016_1221_1393,0.221007095
2016_1221_1396,0.151487733
2016_1221_1400,0.066752633
2016_1221_1401,0.047373989
2016_1221_1403,0.17193403
2016_1221_1409,0.180609579
2016_1221_1421,0.378633397
2016_1221_1423,0.374929733
2016_1221_1425,0.137021932
2016_1221_1428,0.049655741
2016_1221_1433,0.129512606
2016_1221_1435,0.172315225
2016_1221_1437,0.065457839
2016_1221_1438,0.046686553
2016_1221_1451,0.420886047
2016_1221_1452,0.056513895
2016_1221_1453,0.349469953
2016_1221_1455,0.135646678
2016_1221_1458,0.070743381
2016_1221_1462,0.042511716
2016_1221_1463,0.330453759
2016_1231_1233,0.562769259
2016_1231_1234,0.206786788
2016_1231_1235,0.183338171
2016_1231_1242,0.115402602
2016_1231_1246,0.1292781
2016_1231_1268,0.345854497
2016_1231_1274,0.252674195
2016_1231_1276,0.441297147
2016_1231_1277,0.336249209
2016_1231_1292,0.539371482
2016_1231_1314,0.160310274
2016_1231_1320,0.392760721
2016_1231_1323,0.220619932
2016_1231_1328,0.358408096
2016_1231_1332,0.083669349
2016_1231_1333,0.384409684
2016_1231_1338,0.423018199
2016_1231_1344,0.244362154
2016_1231_1345,0.168943598
2016_1231_1355,0.496669335
2016_1231_1371,0.157634206
2016_1231_1372,0.635245003
2016_1231_1380,0.649937566
2016_1231_1386,0.451496723
2016_1231_1392,0.387181195
2016_1231_1393,0.361393973
2016_1231_1396,0.223880869
2016_1231_1400,0.346663017
2016_1231_1401,0.168458038
2016_1231_1403,0.406297776
2016_1231_1409,0.437517841
2016_1231_1421,0.605019644
2016_1231_1423,0.409815198
2016_1231_1425,0.21059647
2016_1231_1428,0.223923853
2016_1231_1433,0.194825869
2016_1231_1435,0.222369055
2016_1231_1437,0.285670241
2016_1231_1438,0.423987653
2016_1231_1451,0.637017348
2016_1231_1452,0.218127152
2016_1231_1453,0.612836386
2016_1231_1455,0.205052242
2016_1231_1458,0.304993844
2016_1231_1462,0.29921856
2016_1231_1463,0.649030747
2016_1233_1234,0.409355454
2016_1233_1235,0.294452415
2016_1233_1242,0.158260573
2016_1233_1246,0.186580954
2016_1233_1268,0.356275054
2016_1233_1274,0.272661443
2016_1233_1276,0.520372486
2016_1233_1277,0.313382572
2016_1233_1292,0.645893672
2016_1233_1314,0.179084225
2016_1233_1320,0.482675299
2016_1233_1323,0.293610353
2016_1233_1328,0.309854248
2016_1233_1332,0.14555072
2016_1233_1333,0.34720678
2016_1233_1338,0.460480971
2016_1233_1344,0.360599591
2016_1233_1345,0.356369259
2016_1233_1355,0.448328362
2016_1233_1371,0.188671523
2016_1233_1372,0.709117072
2016_1233_1380,0.667342731
2016_1233_1386,0.476658914
2016_1233_1392,0.552690834
2016_1233_1393,0.413210513
2016_1233_1396,0.290677735
2016_1233_1400,0.246411125
2016_1233_1401,0.205159967
2016_1233_1403,0.424846412
2016_1233_1409,0.402314651
2016_1233_1421,0.52265047
2016_1233_1423,0.5470042
2016_1233_1425,0.429479055
2016_1233_1428,0.296422596
2016_1233_1433,0.311600776
2016_1233_1435,0.300727926
2016_1233_1437,0.392298348
2016_1233_1438,0.424185875
2016_1233_1451,0.648937399
2016_1233_1452,0.168145303
2016_1233_1453,0.600222837
2016_1233_1455,0.251493777
2016_1233_1458,0.299288765
2016_1233_1462,0.205735274
2016_1233_1463,0.593277793
2016_1234_1235,0.26015519
2016_1234_1242,0.105406748
2016_1234_1246,0.124314384
2016_1234_1268,0.531461229
2016_1234_1274,0.389713846
2016_1234_1276,0.699055112
2016_1234_1277,0.280322445
2016_1234_1292,0.879992912
2016_1234_1314,0.090676386
2016_1234_1320,0.731712333
2016_1234_1323,0.458717705
2016_1234_1328,0.361662076
2016_1234_1332,0.111495824
2016_1234_1333,0.768348831
2016_1234_1338,0.837968048
2016_1234_1344,0.529313072
2016_1234_1345,0.307930847
2016_1234_1355,0.798291207
2016_1234_1371,0.181048465
2016_1234_1372,0.875983304
2016_1234_1380,0.897782495
2016_1234_1386,0.640731589
2016_1234_1392,0.748779163
2016_1234_1393,0.759674035
2016_1234_1396,0.527058393
2016_1234_1400,0.539561228
2016_1234_1401,0.121982839
2016_1234_1403,0.734208771
2016_1234_1409,0.760189454
2016_1234_1421,0.881155843
2016_1234_1423,0.737122034
2016_1234_1425,0.401486687
2016_1234_1428,0.306661367
2016_1234_1433,0.29782592
2016_1234_1435,0.668518859
2016_1234_1437,0.221022041
2016_1234_1438,0.404738253
2016_1234_1451,0.884098504
2016_1234_1452,0.183081361
2016_1234_1453,0.665293243
2016_1234_1455,0.578039624
2016_1234_1458,0.601832563
2016_1234_1462,0.177340685
2016_1234_1463,0.856413309
2016_1235_1242,0.189273151
2016_1235_1246,0.136896996
2016_1235_1268,0.471467339
2016_1235_1274,0.397394315
2016_1235_1276,0.72416831
2016_1235_1277,0.440175367
2016_1235_1292,0.783906298
2016_1235_1314,0.263343632
2016_1235_1320,0.679426997
2016_1235_1323,0.403407658
2016_1235_1328,0.482265765
2016_1235_1332,0.116063233
2016_1235_1333,0.654251751
2016_1235_1338,0.668844691
2016_1235_1344,0.417115649
2016_1235_1345,0.316142378
2016_1235_1355,0.73928021
2016_1235_1371,0.281147131
2016_1235_1372,0.823383469
2016_1235_1380,0.858563567
2016_1235_1386,0.608420077
2016_1235_1392,0.738414596
2016_1235_1393,0.614005307
2016_1235_1396,0.565462853
2016_1235_1400,0.582847749
2016_1235_1401,0.27159397
2016_1235_1403,0.750413039
2016_1235_1409,0.660161856
2016_1235_1421,0.870520363
2016_1235_1423,0.685703301
2016_1235_1425,0.339244744
2016_1235_1428,0.409079268
2016_1235_1433,0.321716626
2016_1235_1435,0.524768873
2016_1235_1437,0.396624349
2016_1235_1438,0.582946284
2016_1235_1451,0.856509954
2016_1235_1452,0.270427428
2016_1235_1453,0.673309067
2016_1235_1455,0.488643337
2016_1235_1458,0.537730961
2016_1235_1462,0.402836965
2016_1235_1463,0.799750532
2016_1242_1246,0.460515325
2016_1242_1268,0.727891568
2016_1242_1274,0.771692258
2016_1242_1276,0.806691696
2016_1242_1277,0.657257887
2016_1242_1292,0.91017004
2016_1242_1314,0.557189043
2016_1242_1320,0.79778652
2016_1242_1323,0.651568134
2016_1242_1328,0.703830246
2016_1242_1332,0.353791802
2016_1242_1333,0.871277357
2016_1242_1338,0.811272767
2016_1242_1344,0.700391627
2016_1242_1345,0.687293871
2016_1242_1355,0.885397171
2016_1242_1371,0.683390902
2016_1242_1372,0.901658881
2016_1242_1380,0.920050732
2016_1242_1386,0.780004112
2016_1242_1392,0.897457118
2016_1242_1393,0.783866862
2016_1242_1396,0.68494202
2016_1242_1400,0.830798062
2016_1242_1401,0.598786254
2016_1242_1403,0.8781915
2016_1242_1409,0.87316783
2016_1242_1421,0.927249959
2016_1242_1423,0.823403606
2016_1242_1425,0.767596711
2016_1242_1428,0.678033226
2016_1242_1433,0.747074943
2016_1242_1435,0.761811869
2016_1242_1437,0.711070709
2016_1242_1438,0.766040316
2016_1242_1451,0.92165887
2016_1242_1452,0.670639631
2016_1242_1453,0.830246113
2016_1242_1455,0.761261233
2016_1242_1458,0.809437591
2016_1242_1462,0.680576715
2016_1242_1463,0.891470627
2016_1246_1268,0.722788049
2016_1246_1274,0.743203381
2016_1246_1276,0.853244995
2016_1246_1277,0.63133688
2016_1246_1292,0.940288814
2016_1246_1314,0.601627894
2016_1246_1320,0.836011357
2016_1246_1323,0.557447808
2016_1246_1328,0.717877824
2016_1246_1332,0.333188272
2016_1246_1333,0.800870215
2016_1246_1338,0.849286046
2016_1246_1344,0.760316638
2016_1246_1345,0.591618942
2016_1246_1355,0.883676731
2016_1246_1371,0.592280123
2016_1246_1372,0.926308589
2016_1246_1380,0.940233202
2016_1246_1386,0.78555249
2016_1246_1392,0.892312913
2016_1246_1393,0.82719142
2016_1246_1396,0.677823688
2016_1246_1400,0.77186104
2016_1246_1401,0.579746218
2016_1246_1403,0.864783506
2016_1246_1409,0.841592124
2016_1246_1421,0.938650203
2016_1246_1423,0.911250811
2016_1246_1425,0.757409501
2016_1246_1428,0.680993792
2016_1246_1433,0.798791713
2016_1246_1435,0.868453123
2016_1246_1437,0.662036311
2016_1246_1438,0.759930264
2016_1246_1451,0.933931199
2016_1246_1452,0.721374562
2016_1246_1453,0.90641236
2016_1246_1455,0.780080084
2016_1246_1458,0.706608768
2016_1246_1462,0.761454002
2016_1246_1463,0.896509159
2016_1268_1274,0.304209736
2016_1268_1276,0.625206359
2016_1268_1277,0.318248866
2016_1268_1292,0.784232173
2016_1268_1314,0.153061541
2016_1268_1320,0.653065675
2016_1268_1323,0.356059567
2016_1268_1328,0.437696086
2016_1268_1332,0.148809684
2016_1268_1333,0.563014037
2016_1268_1338,0.650541215
2016_1268_1344,0.376998268
2016_1268_1345,0.384378983
2016_1268_1355,0.72734622
2016_1268_1371,0.3042243
2016_1268_1372,0.779731229
2016_1268_1380,0.808424984
2016_1268_1386,0.587268354
2016_1268_1392,0.627000059
2016_1268_1393,0.504662087
2016_1268_1396,0.411999816
2016_1268_1400,0.6210386
2016_1268_1401,0.210683933
2016_1268_1403,0.67561817
2016_1268_1409,0.629615742
2016_1268_1421,0.820871635
2016_1268_1423,0.579624129
2016_1268_1425,0.4422692
2016_1268_1428,0.33472788
2016_1268_1433,0.322235234
2016_1268_1435,0.584400201
2016_1268_1437,0.327147979
2016_1268_1438,0.377337235
2016_1268_1451,0.838593025
2016_1268_1452,0.244137105
2016_1268_1453,0.512484837
2016_1268_1455,0.393339717
2016_1268_1458,0.465397021
2016_1268_1462,0.260196674
2016_1268_1463,0.769319856
2016_1274_1276,0.775116605
2016_1274_1277,0.303477135
2016_1274_1292,0.909375691
2016_1274_1314,0.260457094
2016_1274_1320,0.857165571
2016_1274_1323,0.458255531
2016_1274_1328,0.328644361
2016_1274_1332,0.133179478
2016_1274_1333,0.85500425
2016_1274_1338,0.824466725
2016_1274_1344,0.591926708
2016_1274_1345,0.416112589
2016_1274_1355,0.890450053
2016_1274_1371,0.471560673
2016_1274_1372,0.909922542
2016_1274_1380,0.937464491
2016_1274_1386,0.461768754
2016_1274_1392,0.844138839
2016_1274_1393,0.84866751
2016_1274_1396,0.770220523
2016_1274_1400,0.859602038
2016_1274_1401,0.197418723
2016_1274_1403,0.853424523
2016_1274_1409,0.872435416
2016_1274_1421,0.920162041
2016_1274_1423,0.842257597
2016_1274_1425,0.408847331
2016_1274_1428,0.289813323
2016_1274_1433,0.539952815
2016_1274_1435,0.766542973
2016_1274_1437,0.251089226
2016_1274_1438,0.569988426
2016_1274_1451,0.911233107
2016_1274_1452,0.310752597
2016_1274_1453,0.811338321
2016_1274_1455,0.857547932
2016_1274_1458,0.753881415
2016_1274_1462,0.278748164
2016_1274_1463,0.885898878
2016_1276_1277,0.227012776
2016_1276_1292,0.63607703
2016_1276_1314,0.082432474
2016_1276_1320,0.318464898
2016_1276_1323,0.180576402
2016_1276_1328,0.263249896
2016_1276_1332,0.063789854
2016_1276_1333,0.320552721
2016_1276_1338,0.509227659
2016_1276_1344,0.255103111
2016_1276_1345,0.233233753
2016_1276_1355,0.438266991
2016_1276_1371,0.112245014
2016_1276_1372,0.687057355
2016_1276_1380,0.616676973
2016_1276_1386,0.346522122
2016_1276_1392,0.642843468
2016_1276_1393,0.379865599
2016_1276_1396,0.253921141
2016_1276_1400,0.213279232
2016_1276_1401,0.106952618
2016_1276_1403,0.291396321
2016_1276_1409,0.329773556
2016_1276_1421,0.54209573
2016_1276_1423,0.50920968
2016_1276_1425,0.235646559
2016_1276_1428,0.167111472
2016_1276_1433,0.252801183
2016_1276_1435,0.352183736
2016_1276_1437,0.137650894
2016_1276_1438,0.232040875
2016_1276_1451,0.653698336
2016_1276_1452,0.121872253
2016_1276_1453,0.569934705
2016_1276_1455,0.25676945
2016_1276_1458,0.160115135
2016_1276_1462,0.110823472
2016_1276_1463,0.613771963
2016_1277_1292,0.89106715
2016_1277_1314,0.544963533
2016_1277_1320,0.750144651
2016_1277_1323,0.496911198
2016_1277_1328,0.63490453
2016_1277_1332,0.352200049
2016_1277_1333,0.706966548
2016_1277_1338,0.636215485
2016_1277_1344,0.632988095
2016_1277_1345,0.585576868
2016_1277_1355,0.77912821
2016_1277_1371,0.556208207
2016_1277_1372,0.865962659
2016_1277_1380,0.923278323
2016_1277_1386,0.659543785
2016_1277_1392,0.825436888
2016_1277_1393,0.711881832
2016_1277_1396,0.608563368
2016_1277_1400,0.651670247
2016_1277_1401,0.544969217
2016_1277_1403,0.782672469
2016_1277_1409,0.737613133
2016_1277_1421,0.920752996
2016_1277_1423,0.79981848
2016_1277_1425,0.657658922
2016_1277_1428,0.564868422
2016_1277_1433,0.748550473
2016_1277_1435,0.665993176
2016_1277_1437,0.559907299
2016_1277_1438,0.519900217
2016_1277_1451,0.889796663
2016_1277_1452,0.589753474
2016_1277_1453,0.889929731
2016_1277_1455,0.714625744
2016_1277_1458,0.610184259
2016_1277_1462,0.61478642
2016_1277_1463,0.864721951
2016_1292_1314,0.083713569
2016_1292_1320,0.418343677
2016_1292_1323,0.136603411
2016_1292_1328,0.103713057
2016_1292_1332,0.05318585
2016_1292_1333,0.159525632
2016_1292_1338,0.291761505
2016_1292_1344,0.212204558
2016_1292_1345,0.144783304
2016_1292_1355,0.27304868
2016_1292_1371,0.121255951
2016_1292_1372,0.480898625
2016_1292_1380,0.550780663
2016_1292_1386,0.190960294
2016_1292_1392,0.429570898
2016_1292_1393,0.24726192
2016_1292_1396,0.20409798
2016_1292_1400,0.104865792
2016_1292_1401,0.083857639
2016_1292_1403,0.228617672
2016_1292_1409,0.267443819
2016_1292_1421,0.466441408
2016_1292_1423,0.379366903
2016_1292_1425,0.177364773
2016_1292_1428,0.082282673
2016_1292_1433,0.142591273
2016_1292_1435,0.192773472
2016_1292_1437,0.108114839
2016_1292_1438,0.197090318
2016_1292_1451,0.553878982
2016_1292_1452,0.07028264
2016_1292_1453,0.429737001
2016_1292_1455,0.18394813
2016_1292_1458,0.111619998
2016_1292_1462,0.103592953
2016_1292_1463,0.561648663
2016_1314_1320,0.907890468
2016_1314_1323,0.842089916
2016_1314_1328,0.863098079
2016_1314_1332,0.684031772
2016_1314_1333,0.908341408
2016_1314_1338,0.929478056
2016_1314_1344,0.905065137
2016_1314_1345,0.852264416
2016_1314_1355,0.936051811
2016_1314_1371,0.882205196
2016_1314_1372,0.947124198
2016_1314_1380,0.957109813
2016_1314_1386,0.890448072
2016_1314_1392,0.952492972
2016_1314_1393,0.922607355
2016_1314_1396,0.877694018
2016_1314_1400,0.896180605
2016_1314_1401,0.746631126
2016_1314_1403,0.935217448
2016_1314_1409,0.944965435
2016_1314_1421,0.96111301
2016_1314_1423,0.937246374
2016_1314_1425,0.907318187
2016_1314_1428,0.855301765
2016_1314_1433,0.900682675
2016_1314_1435,0.925872995
2016_1314_1437,0.782409699
2016_1314_1438,0.824597173
2016_1314_1451,0.957305805
2016_1314_1452,0.815534501
2016_1314_1453,0.957010021
2016_1314_1455,0.913994478
2016_1314_1458,0.866241817
2016_1314_1462,0.797084637
2016_1314_1463,0.927589007
2016_1320_1323,0.204886697
2016_1320_1328,0.174649624
2016_1320_1332,0.068606271
2016_1320_1333,0.40165296
2016_1320_1338,0.602363842
2016_1320_1344,0.374671167
2016_1320_1345,0.236814155
2016_1320_1355,0.539511755
2016_1320_1371,0.22693554
2016_1320_1372,0.685686751
2016_1320_1380,0.617161045
2016_1320_1386,0.286340926
2016_1320_1392,0.670136001
2016_1320_1393,0.571302307
2016_1320_1396,0.365129385
2016_1320_1400,0.309132348
2016_1320_1401,0.072872225
2016_1320_1403,0.465251069
2016_1320_1409,0.48324604
2016_1320_1421,0.644011311
2016_1320_1423,0.53908371
2016_1320_1425,0.239812588
2016_1320_1428,0.140397322
2016_1320_1433,0.280655655
2016_1320_1435,0.546630659
2016_1320_1437,0.093927454
2016_1320_1438,0.225233031
2016_1320_1451,0.713445959
2016_1320_1452,0.105875074
2016_1320_1453,0.524651791
2016_1320_1455,0.403117301
2016_1320_1458,0.220390209
2016_1320_1462,0.073855934
2016_1320_1463,0.730004425
2016_1323_1328,0.317992122
2016_1323_1332,0.100621097
2016_1323_1333,0.623359569
2016_1323_1338,0.82026896
2016_1323_1344,0.491835096
2016_1323_1345,0.271559502
2016_1323_1355,0.778148152
2016_1323_1371,0.22476175
2016_1323_1372,0.878457242
2016_1323_1380,0.873264105
2016_1323_1386,0.608972457
2016_1323_1392,0.754586408
2016_1323_1393,0.69005581
2016_1323_1396,0.589174038
2016_1323_1400,0.472840456
2016_1323_1401,0.123640841
2016_1323_1403,0.664596174
2016_1323_1409,0.807454429
2016_1323_1421,0.869692582
2016_1323_1423,0.693773902
2016_1323_1425,0.366460127
2016_1323_1428,0.202909402
2016_1323_1433,0.319382609
2016_1323_1435,0.691542648
2016_1323_1437,0.177409974
2016_1323_1438,0.32982261
2016_1323_1451,0.863572607
2016_1323_1452,0.160904268
2016_1323_1453,0.654757472
2016_1323_1455,0.634116426
2016_1323_1458,0.403748076
2016_1323_1462,0.215858993
2016_1323_1463,0.795606813
2016_1328_1332,0.279510119
2016_1328_1333,0.736600864
2016_1328_1338,0.737251149
2016_1328_1344,0.651868842
2016_1328_1345,0.579267029
2016_1328_1355,0.81503489
2016_1328_1371,0.503798665
2016_1328_1372,0.877690049
2016_1328_1380,0.901442413
2016_1328_1386,0.710735106
2016_1328_1392,0.774285114
2016_1328_1393,0.679057954
2016_1328_1396,0.652031954
2016_1328_1400,0.723235355
2016_1328_1401,0.502018008
2016_1328_1403,0.828814799
2016_1328_1409,0.765563897
2016_1328_1421,0.898277535
2016_1328_1423,0.687976927
2016_1328_1425,0.605516587
2016_1328_1428,0.697547331
2016_1328_1433,0.591263862
2016_1328_1435,0.666901445
2016_1328_1437,0.638565725
2016_1328_1438,0.729571764
2016_1328_1451,0.860282373
2016_1328_1452,0.60324811
2016_1328_1453,0.777808422
2016_1328_1455,0.68930448
2016_1328_1458,0.730736125
2016_1328_1462,0.575977247
2016_1328_1463,0.861595583
2016_1332_1333,0.874525822
2016_1332_1338,0.856097728
2016_1332_1344,0.78071057
2016_1332_1345,0.694674941
2016_1332_1355,0.883898684
2016_1332_1371,0.692606494
2016_1332_1372,0.94040515
2016_1332_1380,0.945665132
2016_1332_1386,0.778892046
2016_1332_1392,0.897503139
2016_1332_1393,0.79683516
2016_1332_1396,0.734202215
2016_1332_1400,0.86994378
2016_1332_1401,0.65990521
2016_1332_1403,0.902305312
2016_1332_1409,0.838268369
2016_1332_1421,0.950681487
2016_1332_1423,0.889430974
2016_1332_1425,0.797520792
2016_1332_1428,0.75353191
2016_1332_1433,0.801617423
2016_1332_1435,0.810644014
2016_1332_1437,0.764525321
2016_1332_1438,0.811483598
2016_1332_1451,0.945859788
2016_1332_1452,0.78904273
2016_1332_1453,0.905402141
2016_1332_1455,0.800763986
2016_1332_1458,0.82850891
2016_1332_1462,0.687836557
2016_1332_1463,0.894021603
2016_1333_1338,0.720362133
2016_1333_1344,0.356429745
2016_1333_1345,0.210490752
2016_1333_1355,0.642182165
2016_1333_1371,0.232550984
2016_1333_1372,0.854223367
2016_1333_1380,0.850001733
2016_1333_1386,0.374873602
2016_1333_1392,0.772615327
2016_1333_1393,0.640941984
2016_1333_1396,0.366460929
2016_1333_1400,0.336332632
2016_1333_1401,0.12989934
2016_1333_1403,0.540417587
2016_1333_1409,0.519094136
2016_1333_1421,0.882592352
2016_1333_1423,0.640218989
2016_1333_1425,0.277249542
2016_1333_1428,0.238252874
2016_1333_1433,0.297983006
2016_1333_1435,0.467571078
2016_1333_1437,0.207168768
2016_1333_1438,0.347304432
2016_1333_1451,0.824783959
2016_1333_1452,0.168649994
2016_1333_1453,0.555030968
2016_1333_1455,0.400623204
2016_1333_1458,0.298294066
2016_1333_1462,0.098921866
2016_1333_1463,0.759990863
2016_1338_1344,0.317248368
2016_1338_1345,0.289417912
2016_1338_1355,0.567374823
2016_1338_1371,0.1259844
2016_1338_1372,0.762905442
2016_1338_1380,0.738518277
2016_1338_1386,0.370597651
2016_1338_1392,0.630290655
2016_1338_1393,0.496346898
2016_1338_1396,0.22705074
2016_1338_1400,0.266180226
2016_1338_1401,0.105980508
2016_1338_1403,0.339299541
2016_1338_1409,0.480500251
2016_1338_1421,0.675155545
2016_1338_1423,0.520242997
2016_1338_1425,0.325043596
2016_1338_1428,0.111198099
2016_1338_1433,0.336806928
2016_1338_1435,0.472759781
2016_1338_1437,0.105341748
2016_1338_1438,0.148315855
2016_1338_1451,0.673379176
2016_1338_1452,0.113528154
2016_1338_1453,0.633811126
2016_1338_1455,0.277020175
2016_1338_1458,0.200047909
2016_1338_1462,0.095434269
2016_1338_1463,0.776395437
2016_1344_1345,0.264678833
2016_1344_1355,0.700345512
2016_1344_1371,0.248567829
2016_1344_1372,0.706325659
2016_1344_1380,0.852936394
2016_1344_1386,0.532330487
2016_1344_1392,0.637480733
2016_1344_1393,0.526778301
2016_1344_1396,0.274651238
2016_1344_1400,0.526949938
2016_1344_1401,0.106730897
2016_1344_1403,0.498217914
2016_1344_1409,0.573303475
2016_1344_1421,0.789130422
2016_1344_1423,0.764202664
2016_1344_1425,0.374271143
2016_1344_1428,0.179443965
2016_1344_1433,0.330126904
2016_1344_1435,0.525196654
2016_1344_1437,0.134274568
2016_1344_1438,0.380861569
2016_1344_1451,0.728661738
2016_1344_1452,0.165164612
2016_1344_1453,0.719640326
2016_1344_1455,0.364599953
2016_1344_1458,0.474274593
2016_1344_1462,0.177530226
2016_1344_1463,0.704012089
2016_1345_1355,0.848749082
2016_1345_1371,0.331251132
2016_1345_1372,0.851804048
2016_1345_1380,0.872383921
2016_1345_1386,0.774043236
2016_1345_1392,0.704197493
2016_1345_1393,0.760582514
2016_1345_1396,0.595330663
2016_1345_1400,0.604340999
2016_1345_1401,0.300673809
2016_1345_1403,0.782735908
2016_1345_1409,0.784646798
2016_1345_1421,0.852421428
2016_1345_1423,0.69376202
2016_1345_1425,0.6256405
2016_1345_1428,0.468504036
2016_1345_1433,0.596013601
2016_1345_1435,0.696910715
2016_1345_1437,0.425558921
2016_1345_1438,0.486223604
2016_1345_1451,0.85488995
2016_1345_1452,0.339276194
2016_1345_1453,0.758580303
2016_1345_1455,0.613717461
2016_1345_1458,0.631244085
2016_1345_1462,0.373398097
2016_1345_1463,0.875501879
2016_1355_1371,0.297938759
2016_1355_1372,0.709905182
2016_1355_1380,0.746868468
2016_1355_1386,0.544950836
2016_1355_1392,0.649296184
2016_1355_1393,0.645954724
2016_1355_1396,0.425324818
2016_1355_1400,0.446089395
2016_1355_1401,0.225807539
2016_1355_1403,0.604327929
2016_1355_1409,0.51541588
2016_1355_1421,0.740969
2016_1355_1423,0.60243793
2016_1355_1425,0.435506842
2016_1355_1428,0.233880707
2016_1355_1433,0.385294088
2016_1355_1435,0.462561266
2016_1355_1437,0.323087783
2016_1355_1438,0.227732832
2016_1355_1451,0.772977619
2016_1355_1452,0.17749671
2016_1355_1453,0.551379846
2016_1355_1455,0.429938893
2016_1355_1458,0.428416475
2016_1355_1462,0.184293363
2016_1355_1463,0.792013066
2016_1371_1372,0.808266592
2016_1371_1380,0.860562996
2016_1371_1386,0.441867043
2016_1371_1392,0.5759693
2016_1371_1393,0.545286158
2016_1371_1396,0.498482766
2016_1371_1400,0.531009418
2016_1371_1401,0.230556033
2016_1371_1403,0.755593135
2016_1371_1409,0.679889264
2016_1371_1421,0.859231919
2016_1371_1423,0.72201541
2016_1371_1425,0.550202513
2016_1371_1428,0.410148165
2016_1371_1433,0.460358312
2016_1371_1435,0.628230923
2016_1371_1437,0.37596561
2016_1371_1438,0.415181414
2016_1371_1451,0.909854485
2016_1371_1452,0.316236479
2016_1371_1453,0.828215251
2016_1371_1455,0.579898762
2016_1371_1458,0.559514882
2016_1371_1462,0.223476319
2016_1371_1463,0.757346495
2016_1372_1380,0.66735317
2016_1372_1386,0.204791879
2016_1372_1392,0.587110867
2016_1372_1393,0.357178488
2016_1372_1396,0.256646754
2016_1372_1400,0.200007309
2016_1372_1401,0.089842581
2016_1372_1403,0.342161558
2016_1372_1409,0.305727201
2016_1372_1421,0.560608313
2016_1372_1423,0.564202592
2016_1372_1425,0.211523668
2016_1372_1428,0.170543884
2016_1372_1433,0.249719062
2016_1372_1435,0.298871103
2016_1372_1437,0.116008366
2016_1372_1438,0.220660256
2016_1372_1451,0.687562686
2016_1372_1452,0.084330391
2016_1372_1453,0.540725758
2016_1372_1455,0.23845626
2016_1372_1458,0.141540615
2016_1372_1462,0.089537986
2016_1372_1463,0.6198462
2016_1380_1386,0.133965041
2016_1380_1392,0.391497955
2016_1380_1393,0.205278475
2016_1380_1396,0.131327033
2016_1380_1400,0.108042955
2016_1380_1401,0.080328545
2016_1380_1403,0.201968378
2016_1380_1409,0.175599777
2016_1380_1421,0.416493453
2016_1380_1423,0.404689875
2016_1380_1425,0.138755083
2016_1380_1428,0.08902787
2016_1380_1433,0.152123167
2016_1380_1435,0.134202408
2016_1380_1437,0.103497851
2016_1380_1438,0.14775209
2016_1380_1451,0.522615204
2016_1380_1452,0.066960663
2016_1380_1453,0.456323846
2016_1380_1455,0.117302731
2016_1380_1458,0.106643948
2016_1380_1462,0.060726166
2016_1380_1463,0.480883757
2016_1386_1392,0.617982565
2016_1386_1393,0.744830908
2016_1386_1396,0.492829162
2016_1386_1400,0.506517946
2016_1386_1401,0.210416262
2016_1386_1403,0.60505024
2016_1386_1409,0.730481831
2016_1386_1421,0.831920349
2016_1386_1423,0.710084484
2016_1386_1425,0.507171964
2016_1386_1428,0.289877982
2016_1386_1433,0.483644972
2016_1386_1435,0.68279828
2016_1386_1437,0.234832715
2016_1386_1438,0.362917649
2016_1386_1451,0.849034791
2016_1386_1452,0.304260383
2016_1386_1453,0.711223329
2016_1386_1455,0.568398038
2016_1386_1458,0.553196868
2016_1386_1462,0.319506798
2016_1386_1463,0.785280906
2016_1392_1393,0.584091273
2016_1392_1396,0.48257006
2016_1392_1400,0.305725876
2016_1392_1401,0.147237309
2016_1392_1403,0.514074781
2016_1392_1409,0.491193572
2016_1392_1421,0.68038717
2016_1392_1423,0.60566029
2016_1392_1425,0.468137801
2016_1392_1428,0.173795109
2016_1392_1433,0.387320988
2016_1392_1435,0.541197419
2016_1392_1437,0.163524604
2016_1392_1438,0.182458312
2016_1392_1451,0.811120733
2016_1392_1452,0.125716647
2016_1392_1453,0.694060434
2016_1392_1455,0.380294294
2016_1392_1458,0.27683868
2016_1392_1462,0.140981244
2016_1392_1463,0.76022959
2016_1393_1396,0.232220749
2016_1393_1400,0.294239674
2016_1393_1401,0.083720421
2016_1393_1403,0.353181854
2016_1393_1409,0.427628264
2016_1393_1421,0.645926167
2016_1393_1423,0.531003333
2016_1393_1425,0.22331727
2016_1393_1428,0.164719352
2016_1393_1433,0.23637853
2016_1393_1435,0.275963008
2016_1393_1437,0.133053622
2016_1393_1438,0.408189499
2016_1393_1451,0.47895081
2016_1393_1452,0.193279999
2016_1393_1453,0.537758529
2016_1393_1455,0.242562315
2016_1393_1458,0.269416399
2016_1393_1462,0.155981533
2016_1393_1463,0.655348616
2016_1396_1400,0.246799884
2016_1396_1401,0.110598718
2016_1396_1403,0.413814216
2016_1396_1409,0.39454895
2016_1396_1421,0.677371017
2016_1396_1423,0.582970844
2016_1396_1425,0.263541189
2016_1396_1428,0.188294812
2016_1396_1433,0.302590982
2016_1396_1435,0.44753587
2016_1396_1437,0.142176911
2016_1396_1438,0.245612361
2016_1396_1451,0.74236972
2016_1396_1452,0.152434908
2016_1396_1453,0.654974571
2016_1396_1455,0.314940281
2016_1396_1458,0.209714029
2016_1396_1462,0.128649349
2016_1396_1463,0.742600922
2016_1400_1401,0.132763509
2016_1400_1403,0.731005852
2016_1400_1409,0.74493477
2016_1400_1421,0.908064986
2016_1400_1423,0.767923514
2016_1400_1425,0.344058995
2016_1400_1428,0.171256105
2016_1400_1433,0.290955456
2016_1400_1435,0.54279198
2016_1400_1437,0.206116221
2016_1400_1438,0.256682512
2016_1400_1451,0.914982492
2016_1400_1452,0.18755625
2016_1400_1453,0.647586444
2016_1400_1455,0.542147761
2016_1400_1458,0.528738021
2016_1400_1462,0.182900411
2016_1400_1463,0.860376845
2016_1401_1403,0.862542254
2016_1401_1409,0.843901883
2016_1401_1421,0.930557358
2016_1401_1423,0.865659288
2016_1401_1425,0.75263823
2016_1401_1428,0.598532589
2016_1401_1433,0.757822173
2016_1401_1435,0.733591449
2016_1401_1437,0.546045416
2016_1401_1438,0.694911092
2016_1401_1451,0.902600081
2016_1401_1452,0.574305657
2016_1401_1453,0.885626476
2016_1401_1455,0.717782971
2016_1401_1458,0.790598818
2016_1401_1462,0.592080889
2016_1401_1463,0.831671638
2016_1403_1409,0.478374061
2016_1403_1421,0.855239587
2016_1403_1423,0.614637482
2016_1403_1425,0.332005844
2016_1403_1428,0.110325252
2016_1403_1433,0.24545732
2016_1403_1435,0.490023786
2016_1403_1437,0.120119218
2016_1403_1438,0.155831863
2016_1403_1451,0.817111685
2016_1403_1452,0.108781649
2016_1403_1453,0.519387332
2016_1403_1455,0.362197147
2016_1403_1458,0.339975498
2016_1403_1462,0.090794076
2016_1403_1463,0.672630899
2016_1409_1421,0.741599894
2016_1409_1423,0.6504434
2016_1409_1425,0.285434621
2016_1409_1428,0.139340661
2016_1409_1433,0.268459337
2016_1409_1435,0.456032853
2016_1409_1437,0.082985012
2016_1409_1438,0.253004973
2016_1409_1451,0.723797163
2016_1409_1452,0.107973935
2016_1409_1453,0.645823724
2016_1409_1455,0.354210655
2016_1409_1458,0.2525705
2016_1409_1462,0.105122809
2016_1409_1463,0.709314555
2016_1421_1423,0.289487252
2016_1421_1425,0.172485161
2016_1421_1428,0.094926366
2016_1421_1433,0.193109461
2016_1421_1435,0.152364313
2016_1421_1437,0.125052931
2016_1421_1438,0.135532645
2016_1421_1451,0.276519856
2016_1421_1452,0.104027125
2016_1421_1453,0.39962722
2016_1421_1455,0.114786617
2016_1421_1458,0.118990928
2016_1421_1462,0.082606692
2016_1421_1463,0.5252481
2016_1423_1425,0.314041983
2016_1423_1428,0.123771412
2016_1423_1433,0.264210472
2016_1423_1435,0.427925247
2016_1423_1437,0.115841493
2016_1423_1438,0.181995791
2016_1423_1451,0.798768715
2016_1423_1452,0.098609523
2016_1423_1453,0.69011989
2016_1423_1455,0.465866764
2016_1423_1458,0.285799027
2016_1423_1462,0.095518421
2016_1423_1463,0.678943743
2016_1425_1428,0.391090261
2016_1425_1433,0.553635341
2016_1425_1435,0.59007273
2016_1425_1437,0.411078725
2016_1425_1438,0.359661554
2016_1425_1451,0.832624747
2016_1425_1452,0.258536006
2016_1425_1453,0.669829623
2016_1425_1455,0.463934633
2016_1425_1458,0.610320509
2016_1425_1462,0.268224826
2016_1425_1463,0.767309328
2016_1428_1433,0.646818311
2016_1428_1435,0.672804329
2016_1428_1437,0.459185385
2016_1428_1438,0.568179131
2016_1428_1451,0.8881402
2016_1428_1452,0.430186232
2016_1428_1453,0.789993475
2016_1428_1455,0.742825365
2016_1428_1458,0.715065261
2016_1428_1462,0.507862931
2016_1428_1463,0.889520515
2016_1433_1435,0.590097081
2016_1433_1437,0.336870553
2016_1433_1438,0.670767945
2016_1433_1451,0.734104173
2016_1433_1452,0.41450272
2016_1433_1453,0.789642181
2016_1433_1455,0.492622273
2016_1433_1458,0.539749596
2016_1433_1462,0.413627091
2016_1433_1463,0.762228963
2016_1435_1437,0.336208075
2016_1435_1438,0.261913296
2016_1435_1451,0.72666735
2016_1435_1452,0.294208342
2016_1435_1453,0.528813645
2016_1435_1455,0.336272587
2016_1435_1458,0.39397673
2016_1435_1462,0.243960014
2016_1435_1463,0.521022103
2016_1437_1438,0.797579641
2016_1437_1451,0.888241719
2016_1437_1452,0.587984252
2016_1437_1453,0.853329971
2016_1437_1455,0.831223996
2016_1437_1458,0.750402197
2016_1437_1462,0.595394517
2016_1437_1463,0.868786548
2016_1438_1451,0.938615961
2016_1438_1452,0.546826985
2016_1438_1453,0.880742492
2016_1438_1455,0.759519182
2016_1438_1458,0.724539492
2016_1438_1462,0.455293609
2016_1438_1463,0.89839595
2016_1451_1452,0.065468298
2016_1451_1453,0.281926616
2016_1451_1455,0.172814528
2016_1451_1458,0.115964684
2016_1451_1462,0.080605954
2016_1451_1463,0.504718921
2016_1452_1453,0.862311774
2016_1452_1455,0.811503278
2016_1452_1458,0.750071031
2016_1452_1462,0.601644147
2016_1452_1463,0.880801233
2016_1453_1455,0.312744606
2016_1453_1458,0.292560786
2016_1453_1462,0.280656851
2016_1453_1463,0.66830552
2016_1455_1458,0.382296211
2016_1455_1462,0.203975194
2016_1455_1463,0.694403606
2016_1458_1462,0.079469831
2016_1458_1463,0.876973384
2016_1462_1463,0.818315484
