"Id","Pred"
"2016_1112_1114",0.46260853954336
"2016_1112_1122",0.838673612756727
"2016_1112_1124",0.644839497579932
"2016_1112_1138",0.730063976985512
"2016_1112_1139",0.62080991755832
"2016_1112_1143",0.551017573322339
"2016_1112_1151",0.480734358091957
"2016_1112_1153",0.643038297720433
"2016_1112_1160",0.675650493839803
"2016_1112_1163",0.545875430542182
"2016_1112_1167",0.627589039111774
"2016_1112_1173",0.512139893433112
"2016_1112_1181",0.603426913264045
"2016_1112_1192",0.832162171944361
"2016_1112_1195",0.832083595624033
"2016_1112_1201",0.554231462707276
"2016_1112_1211",0.476189138252631
"2016_1112_1214",0.739869068132827
"2016_1112_1218",0.515601292415915
"2016_1112_1221",0.914497136207101
"2016_1112_1231",0.466551250828862
"2016_1112_1233",0.589320750172784
"2016_1112_1234",0.675787586937335
"2016_1112_1235",0.678387980418485
"2016_1112_1242",0.236926896830733
"2016_1112_1246",0.445993710898878
"2016_1112_1268",0.56474919395234
"2016_1112_1274",0.449711006768768
"2016_1112_1276",0.678215169527293
"2016_1112_1277",0.305291141311808
"2016_1112_1292",0.632044621007656
"2016_1112_1314",0.338852814715779
"2016_1112_1320",0.621889224199408
"2016_1112_1323",0.642679645045718
"2016_1112_1328",0.474734647066223
"2016_1112_1332",0.335677552715773
"2016_1112_1333",0.726721067702124
"2016_1112_1338",0.705532726960252
"2016_1112_1344",0.617908270600085
"2016_1112_1345",0.472952565002839
"2016_1112_1355",0.53336387659947
"2016_1112_1371",0.423738197219485
"2016_1112_1372",0.47322709810617
"2016_1112_1380",0.821512429158368
"2016_1112_1386",0.452452310009612
"2016_1112_1392",0.542590974861106
"2016_1112_1393",0.760065721758761
"2016_1112_1396",0.628952615669233
"2016_1112_1400",0.640775801851638
"2016_1112_1401",0.493677092866818
"2016_1112_1403",0.715589794197423
"2016_1112_1409",0.68752266134958
"2016_1112_1421",0.734764977663196
"2016_1112_1423",0.481400523917084
"2016_1112_1425",0.714540007977221
"2016_1112_1428",0.429118946239364
"2016_1112_1433",0.579392822283381
"2016_1112_1435",0.738260614941481
"2016_1112_1437",0.328867843146076
"2016_1112_1438",0.384833623380614
"2016_1112_1451",0.609347517397987
"2016_1112_1452",0.452645256290321
"2016_1112_1453",0.693586706351766
"2016_1112_1455",0.539014557433556
"2016_1112_1458",0.635155158781657
"2016_1112_1462",0.385312722942913
"2016_1112_1463",0.560928473951673
"2016_1114_1122",0.857934269305516
"2016_1114_1124",0.678366986623578
"2016_1114_1138",0.758558513360948
"2016_1114_1139",0.655393565919594
"2016_1114_1143",0.587739538432832
"2016_1114_1151",0.51817819870004
"2016_1114_1153",0.676650559107008
"2016_1114_1160",0.707588335944588
"2016_1114_1163",0.582699457159463
"2016_1114_1167",0.661891137143276
"2016_1114_1173",0.549441582147468
"2016_1114_1181",0.638673219200813
"2016_1114_1192",0.852063097286396
"2016_1114_1195",0.851992180833111
"2016_1114_1201",0.590885733134418
"2016_1114_1211",0.513629136036706
"2016_1114_1214",0.767657972522469
"2016_1114_1218",0.552869386366087
"2016_1114_1221",0.925509311520671
"2016_1114_1231",0.503962535017361
"2016_1114_1233",0.625041736409797
"2016_1114_1234",0.707717769514676
"2016_1114_1235",0.710171897347985
"2016_1114_1242",0.265074814721217
"2016_1114_1246",0.483249872264168
"2016_1114_1268",0.601160984355576
"2016_1114_1274",0.487004723046985
"2016_1114_1276",0.710008864316556
"2016_1114_1277",0.337963817379156
"2016_1114_1292",0.66615463298765
"2016_1114_1314",0.373187833832977
"2016_1114_1320",0.656428912923643
"2016_1114_1323",0.676308678096198
"2016_1114_1328",0.512172103880186
"2016_1114_1332",0.369870825168655
"2016_1114_1333",0.755450278851261
"2016_1114_1338",0.735679248166808
"2016_1114_1344",0.652608473042259
"2016_1114_1345",0.510386040862369
"2016_1114_1355",0.570404014245807
"2016_1114_1371",0.46068118090574
"2016_1114_1372",0.510661249528071
"2016_1114_1380",0.842437025473291
"2016_1114_1386",0.489771027019746
"2016_1114_1392",0.579476159859893
"2016_1114_1393",0.786320200107233
"2016_1114_1396",0.663196520098617
"2016_1114_1400",0.674493262807485
"2016_1114_1401",0.531097962384369
"2016_1114_1403",0.745078723311883
"2016_1114_1409",0.718778056987807
"2016_1114_1421",0.762924419892075
"2016_1114_1423",0.518844406616505
"2016_1114_1425",0.744098859171652
"2016_1114_1428",0.466151566437926
"2016_1114_1433",0.615413806766011
"2016_1114_1435",0.766167040063837
"2016_1114_1437",0.362746221058269
"2016_1114_1438",0.420861934129229
"2016_1114_1451",0.644377730106872
"2016_1114_1452",0.489965646914936
"2016_1114_1453",0.724478622055932
"2016_1114_1455",0.575962756585071
"2016_1114_1458",0.669127769850538
"2016_1114_1462",0.421355165019326
"2016_1114_1463",0.597432053786291
"2016_1122_1124",0.258848825921582
"2016_1122_1138",0.342213666938158
"2016_1122_1139",0.239503273854016
"2016_1122_1143",0.190987081682281
"2016_1122_1151",0.151165010036404
"2016_1122_1153",0.257344568334288
"2016_1122_1160",0.286072164458955
"2016_1122_1163",0.18779942922248
"2016_1122_1167",0.244806765208577
"2016_1122_1173",0.168006364382435
"2016_1122_1181",0.226421740165605
"2016_1122_1192",0.48816148483898
"2016_1122_1195",0.488020942784186
"2016_1122_1201",0.193003736552707
"2016_1122_1211",0.148842613466971
"2016_1122_1214",0.353633891534563
"2016_1122_1218",0.169952122971599
"2016_1122_1221",0.672922367183
"2016_1122_1231",0.144008616841567
"2016_1122_1233",0.216321362879231
"2016_1122_1234",0.286199960094419
"2016_1122_1235",0.288635852654961
"2016_1122_1242",0.0563595110515141
"2016_1122_1246",0.134090757519386
"2016_1122_1268",0.19973798645267
"2016_1122_1274",0.135845840429302
"2016_1122_1276",0.288473271990995
"2016_1122_1277",0.0779437358171795
"2016_1122_1292",0.248357096672394
"2016_1122_1314",0.0897408966297968
"2016_1122_1320",0.240339835512663
"2016_1122_1323",0.257046128813288
"2016_1122_1328",0.148105276396571
"2016_1122_1332",0.0885871908364775
"2016_1122_1333",0.338420192952609
"2016_1122_1338",0.315483415172566
"2016_1122_1344",0.237268665953176
"2016_1122_1345",0.147205692048797
"2016_1122_1355",0.180237692307947
"2016_1122_1371",0.123918143057071
"2016_1122_1372",0.147344001597164
"2016_1122_1380",0.469596568066004
"2016_1122_1386",0.137150757397625
"2016_1122_1392",0.185788036490484
"2016_1122_1393",0.378633541882354
"2016_1122_1396",0.245887786360889
"2016_1122_1400",0.255467916121241
"2016_1122_1401",0.157933487495109
"2016_1122_1403",0.326138482598606
"2016_1122_1409",0.297375030266753
"2016_1122_1421",0.347633520004297
"2016_1122_1423",0.151507733847612
"2016_1122_1425",0.325007143742667
"2016_1122_1428",0.126326293711771
"2016_1122_1433",0.209472052611192
"2016_1122_1435",0.35172977100361
"2016_1122_1437",0.0861401073349088
"2016_1122_1438",0.107410033002884
"2016_1122_1451",0.230796058491717
"2016_1122_1452",0.137242946894304
"2016_1122_1453",0.30333843308908
"2016_1122_1455",0.183619339490571
"2016_1122_1458",0.250866758315861
"2016_1122_1462",0.107604166699383
"2016_1122_1463",0.197267480853356
"2016_1124_1138",0.59833095353295
"2016_1124_1139",0.474161958867129
"2016_1124_1143",0.403320476652588
"2016_1124_1151",0.337706334301153
"2016_1124_1153",0.498036046572255
"2016_1124_1160",0.534301691312315
"2016_1124_1163",0.398333818983536
"2016_1124_1167",0.481372609898201
"2016_1124_1173",0.366360462982307
"2016_1124_1181",0.455947751725348
"2016_1124_1192",0.731961540791589
"2016_1124_1195",0.731851169846706
"2016_1124_1201",0.406452764183332
"2016_1124_1211",0.333644516728668
"2016_1124_1214",0.610367324382726
"2016_1124_1218",0.36958299025137
"2016_1124_1221",0.854879095144007
"2016_1124_1231",0.325101084372323
"2016_1124_1233",0.441451441363651
"2016_1124_1234",0.53445736308222
"2016_1124_1235",0.537415381268951
"2016_1124_1242",0.146036254169048
"2016_1124_1246",0.30718713039839
"2016_1124_1268",0.416788174241291
"2016_1124_1274",0.310395693245715
"2016_1124_1276",0.537218495881812
"2016_1124_1277",0.194871958215862
"2016_1124_1292",0.486145217217908
"2016_1124_1314",0.220141446093797
"2016_1124_1320",0.475305890436822
"2016_1124_1323",0.497645520049274
"2016_1124_1328",0.332349169384023
"2016_1124_1332",0.217712276305773
"2016_1124_1333",0.594263306354659
"2016_1124_1338",0.568897317114446
"2016_1124_1344",0.471094185041616
"2016_1124_1345",0.330765004774345
"2016_1124_1355",0.386327124567359
"2016_1124_1371",0.288254238237763
"2016_1124_1372",0.331008838426098
"2016_1124_1380",0.717115141565254
"2016_1124_1386",0.312770449955456
"2016_1124_1392",0.39516462008299
"2016_1124_1393",0.635667385735431
"2016_1124_1396",0.482830380480674
"2016_1124_1400",0.495575438901876
"2016_1124_1401",0.349389316374938
"2016_1124_1403",0.580848581103499
"2016_1124_1409",0.547885585578511
"2016_1124_1421",0.604081978674117
"2016_1124_1423",0.338303428984403
"2016_1124_1425",0.579593638995274
"2016_1124_1428",0.292788685885921
"2016_1124_1433",0.431397840361733
"2016_1124_1435",0.608381968192756
"2016_1124_1437",0.212530064708315
"2016_1124_1438",0.256257265174124
"2016_1124_1451",0.462107477032838
"2016_1124_1452",0.312937873464218
"2016_1124_1453",0.554905151191311
"2016_1124_1455",0.391727739109518
"2016_1124_1458",0.48949292324684
"2016_1124_1462",0.25664307396522
"2016_1124_1463",0.413018584757181
"2016_1138_1139",0.377080204416633
"2016_1138_1143",0.312133405656116
"2016_1138_1151",0.255013819685422
"2016_1138_1153",0.399782508010564
"2016_1138_1160",0.435095061636004
"2016_1138_1163",0.307692794093877
"2016_1138_1167",0.383892330367335
"2016_1138_1173",0.279613804036399
"2016_1138_1181",0.360041825258328
"2016_1138_1192",0.647046523583771
"2016_1138_1195",0.646918053617099
"2016_1138_1201",0.314931294412872
"2016_1138_1211",0.251568806982349
"2016_1138_1214",0.51258258195262
"2016_1138_1218",0.282413384901707
"2016_1138_1221",0.798167007961858
"2016_1138_1231",0.244356345733306
"2016_1138_1233",0.346651871704316
"2016_1138_1234",0.435248843505069
"2016_1138_1235",0.438174582607576
"2016_1138_1242",0.102979443657018
"2016_1138_1246",0.229379467899701
"2016_1138_1268",0.324210663766474
"2016_1138_1274",0.232047533165723
"2016_1138_1276",0.437979631082998
"2016_1138_1277",0.139773297280937
"2016_1138_1292",0.388422297005771
"2016_1138_1314",0.159311761898672
"2016_1138_1320",0.378158358131877
"2016_1138_1323",0.399407722312171
"2016_1138_1328",0.250472335575644
"2016_1138_1332",0.157418331313482
"2016_1138_1333",0.495775733919023
"2016_1138_1338",0.469746526035266
"2016_1138_1344",0.374193568283141
"2016_1138_1345",0.249132813245579
"2016_1138_1355",0.297069255151817
"2016_1138_1371",0.213762476823372
"2016_1138_1372",0.249338889787087
"2016_1138_1380",0.629875071822454
"2016_1138_1386",0.234026290014721
"2016_1138_1392",0.304879321670199
"2016_1138_1393",0.539441054750031
"2016_1138_1396",0.385274195571841
"2016_1138_1400",0.397422998611122
"2016_1138_1401",0.26498062141086
"2016_1138_1403",0.481943434711758
"2016_1138_1409",0.448586278185776
"2016_1138_1421",0.505996509783987
"2016_1138_1423",0.255521115423969
"2016_1138_1425",0.480657136347836
"2016_1138_1428",0.217483176758975
"2016_1138_1433",0.337452873683307
"2016_1138_1435",0.510498559968067
"2016_1138_1437",0.153389890419466
"2016_1138_1438",0.187851894950097
"2016_1138_1451",0.365776987527351
"2016_1138_1452",0.234165924937463
"2016_1138_1453",0.455615696272669
"2016_1138_1455",0.301835817086148
"2016_1138_1458",0.391609911644028
"2016_1138_1462",0.188160770942391
"2016_1138_1463",0.320817788323307
"2016_1139_1143",0.428443522745311
"2016_1139_1151",0.361216504116607
"2016_1139_1153",0.523878934623524
"2016_1139_1160",0.55992728100258
"2016_1139_1163",0.423366641240044
"2016_1139_1167",0.507224559616605
"2016_1139_1173",0.390688703548153
"2016_1139_1181",0.481702486195233
"2016_1139_1192",0.751763863704741
"2016_1139_1195",0.751658880295472
"2016_1139_1201",0.431629780890424
"2016_1139_1211",0.357024349002062
"2016_1139_1214",0.634669233715742
"2016_1139_1218",0.393992164463564
"2016_1139_1221",0.867247411047341
"2016_1139_1231",0.348195072074766
"2016_1139_1233",0.467090342199281
"2016_1139_1234",0.560081439605347
"2016_1139_1235",0.563009766116257
"2016_1139_1242",0.159414690407241
"2016_1139_1246",0.329630103714003
"2016_1139_1268",0.442128513512293
"2016_1139_1274",0.332960424262052
"2016_1139_1276",0.562814912411911
"2016_1139_1277",0.211615612077864
"2016_1139_1292",0.512000442045229
"2016_1139_1314",0.238413358528582
"2016_1139_1320",0.501146858570294
"2016_1139_1323",0.523489277076905
"2016_1139_1328",0.355686682666501
"2016_1139_1332",0.23584354023993
"2016_1139_1333",0.618942571283308
"2016_1139_1338",0.594065546943763
"2016_1139_1344",0.496923033803997
"2016_1139_1345",0.354050267884512
"2016_1139_1355",0.411120985015574
"2016_1139_1371",0.309932775469664
"2016_1139_1372",0.354302179362589
"2016_1139_1380",0.737621126247111
"2016_1139_1386",0.335423847199022
"2016_1139_1392",0.420137352348826
"2016_1139_1393",0.659272189007678
"2016_1139_1396",0.50868383122264
"2016_1139_1400",0.52142327664136
"2016_1139_1401",0.373254443764637
"2016_1139_1403",0.60580254926939
"2016_1139_1409",0.573360559512782
"2016_1139_1421",0.628537331166646
"2016_1139_1423",0.361832456884132
"2016_1139_1425",0.604571457035834
"2016_1139_1428",0.314657480206305
"2016_1139_1433",0.456930510992237
"2016_1139_1435",0.632733196958648
"2016_1139_1437",0.230356834818503
"2016_1139_1438",0.276464138591495
"2016_1139_1451",0.48789812389974
"2016_1139_1452",0.335597475263989
"2016_1139_1453",0.580287595049465
"2016_1139_1455",0.416632887875071
"2016_1139_1458",0.515347630819022
"2016_1139_1462",0.27686904467147
"2016_1139_1463",0.438301978100438
"2016_1143_1151",0.429992024290103
"2016_1143_1153",0.5947875607237
"2016_1143_1160",0.629266483807755
"2016_1143_1163",0.49480926250837
"2016_1143_1167",0.578618465195046
"2016_1143_1173",0.461025765669504
"2016_1143_1181",0.553539360997126
"2016_1143_1192",0.801587538576995
"2016_1143_1195",0.801498062631118
"2016_1143_1201",0.503249855636386
"2016_1143_1211",0.425533404784203
"2016_1143_1214",0.698571604870051
"2016_1143_1218",0.464470602006085
"2016_1143_1221",0.897066007430628
"2016_1143_1231",0.416106326997983
"2016_1143_1233",0.539014318601483
"2016_1143_1234",0.629412428835233
"2016_1143_1235",0.63218233137846
"2016_1143_1242",0.201912283395317
"2016_1143_1246",0.396120996309283
"2016_1143_1268",0.513915491403208
"2016_1143_1274",0.399722529939827
"2016_1143_1276",0.631998161016687
"2016_1143_1277",0.263664203967758
"2016_1143_1292",0.583270897304775
"2016_1143_1314",0.294590214765248
"2016_1143_1320",0.572679478013249
"2016_1143_1323",0.59441100650609
"2016_1143_1328",0.424108364035615
"2016_1143_1332",0.291646757435285
"2016_1143_1333",0.684227137770593
"2016_1143_1338",0.661279729301961
"2016_1143_1344",0.568539874636659
"2016_1143_1345",0.42236351232927
"2016_1143_1355",0.482225282762467
"2016_1143_1371",0.374671088724691
"2016_1143_1372",0.422632227780698
"2016_1143_1380",0.789488526859612
"2016_1143_1386",0.402381931738555
"2016_1143_1392",0.491499519161315
"2016_1143_1393",0.72076449274182
"2016_1143_1396",0.580041362670026
"2016_1143_1400",0.592413086384521
"2016_1143_1401",0.442733411626374
"2016_1143_1403",0.672145859299399
"2016_1143_1409",0.641936693672061
"2016_1143_1421",0.692993441811754
"2016_1143_1423",0.430646189953557
"2016_1143_1425",0.671009440409631
"2016_1143_1428",0.379839461157568
"2016_1143_1433",0.52884254774354
"2016_1143_1435",0.69681243901869
"2016_1143_1437",0.285346607967054
"2016_1143_1438",0.337632028022153
"2016_1143_1451",0.559661260032311
"2016_1143_1452",0.402569224406981
"2016_1143_1453",0.648433023552451
"2016_1143_1455",0.487900652589593
"2016_1143_1458",0.586524017618085
"2016_1143_1462",0.338084659365274
"2016_1143_1463",0.510035681193781
"2016_1151_1153",0.660534385393793
"2016_1151_1160",0.692312972342051
"2016_1151_1163",0.564911591897015
"2016_1151_1167",0.645424814946695
"2016_1151_1173",0.531376181939034
"2016_1151_1181",0.621722385944665
"2016_1151_1192",0.842656736895489
"2016_1151_1195",0.842582144375289
"2016_1151_1201",0.573191222703707
"2016_1151_1211",0.495446424686283
"2016_1151_1214",0.754431561383895
"2016_1151_1218",0.534825064996235
"2016_1151_1221",0.920336306046798
"2016_1151_1231",0.485780239220369
"2016_1151_1233",0.60784407046256
"2016_1151_1234",0.692446228527907
"2016_1151_1235",0.694973317154436
"2016_1151_1242",0.251147530525734
"2016_1151_1246",0.465114162720835
"2016_1151_1268",0.583597705119296
"2016_1151_1274",0.468855953070289
"2016_1151_1276",0.694805408778227
"2016_1151_1277",0.321884197533866
"2016_1151_1292",0.649786085019311
"2016_1151_1314",0.356334356922618
"2016_1151_1320",0.639841323053643
"2016_1151_1323",0.66018402201651
"2016_1151_1328",0.493988584670656
"2016_1151_1332",0.353082765566285
"2016_1151_1333",0.741762702362653
"2016_1151_1338",0.721293330435314
"2016_1151_1344",0.635938730507439
"2016_1151_1345",0.492201953092448
"2016_1151_1355",0.5524945494566
"2016_1151_1371",0.442666896472233
"2016_1151_1372",0.492477219098696
"2016_1151_1380",0.832538896711419
"2016_1151_1386",0.4716139412234
"2016_1151_1392",0.561654257023725
"2016_1151_1393",0.773843181476455
"2016_1151_1396",0.646759843423012
"2016_1151_1400",0.658323860276297
"2016_1151_1401",0.512949044319185
"2016_1151_1403",0.731017336463925
"2016_1151_1409",0.703842578683908
"2016_1151_1421",0.749516469417041
"2016_1151_1423",0.500667122026727
"2016_1151_1425",0.730003009242303
"2016_1151_1428",0.448101102042706
"2016_1151_1433",0.598058521102553
"2016_1151_1435",0.75288307705623
"2016_1151_1437",0.346103921513538
"2016_1151_1438",0.403240523318465
"2016_1151_1451",0.62753844379751
"2016_1151_1452",0.471808017814055
"2016_1151_1453",0.709723630601576
"2016_1151_1455",0.558105501550339
"2016_1151_1458",0.652829024720871
"2016_1151_1462",0.403727499242794
"2016_1151_1463",0.579819339743089
"2016_1153_1160",0.536255874952936
"2016_1153_1163",0.400218079527106
"2016_1153_1167",0.483334124553285
"2016_1153_1173",0.368186031870555
"2016_1153_1181",0.457897134772158
"2016_1153_1192",0.73349999962664
"2016_1153_1195",0.733390031432592
"2016_1153_1201",0.408349364506927
"2016_1153_1211",0.335393352694152
"2016_1153_1214",0.612233968138518
"2016_1153_1218",0.371415204475677
"2016_1153_1221",0.855850984401136
"2016_1153_1231",0.326827102863219
"2016_1153_1233",0.443389356920303
"2016_1153_1234",0.536411460269016
"2016_1153_1235",0.539367763398297
"2016_1153_1242",0.147018681888587
"2016_1153_1246",0.308861566060901
"2016_1153_1268",0.418698981469507
"2016_1153_1274",0.312079740176964
"2016_1153_1276",0.539170996432112
"2016_1153_1277",0.196107472425641
"2016_1153_1292",0.488107876299863
"2016_1153_1314",0.221493097455004
"2016_1153_1320",0.477265433533172
"2016_1153_1323",0.499609466253568
"2016_1153_1328",0.334094619836108
"2016_1153_1332",0.219053202179221
"2016_1153_1333",0.596156054783947
"2016_1153_1338",0.570822938017335
"2016_1153_1344",0.473052019156971
"2016_1153_1345",0.332506278884925
"2016_1153_1355",0.38819123355678
"2016_1153_1371",0.289868651771951
"2016_1153_1372",0.332750757934229
"2016_1153_1380",0.718706066403668
"2016_1153_1386",0.314461505857953
"2016_1153_1392",0.397043782145135
"2016_1153_1393",0.637484810916376
"2016_1153_1396",0.484792282671243
"2016_1153_1400",0.497539306799548
"2016_1153_1401",0.351177187193619
"2016_1153_1403",0.582759971075617
"2016_1153_1409",0.549830793646355
"2016_1153_1421",0.605959294629229
"2016_1153_1423",0.340064222689205
"2016_1153_1425",0.581506628545127
"2016_1153_1428",0.294417990146269
"2016_1153_1433",0.433325861376895
"2016_1153_1435",0.610252049877346
"2016_1153_1437",0.213847797681884
"2016_1153_1438",0.257757373020928
"2016_1153_1451",0.46406073218148
"2016_1153_1452",0.314629420150116
"2016_1153_1453",0.556844586148426
"2016_1153_1455",0.393601193254089
"2016_1153_1458",0.491456171452985
"2016_1153_1462",0.258144656406621
"2016_1153_1463",0.414924405197728
"2016_1160_1163",0.365902689650847
"2016_1160_1167",0.447205850082303
"2016_1160_1173",0.335082735625295
"2016_1160_1181",0.42211680718532
"2016_1160_1192",0.7041575077351
"2016_1160_1195",0.704040317086279
"2016_1160_1201",0.373771258358402
"2016_1160_1211",0.303820638516997
"2016_1160_1214",0.577235217050698
"2016_1160_1218",0.338176975677934
"2016_1160_1221",0.83698585601509
"2016_1160_1231",0.295701996493476
"2016_1160_1233",0.407889695919834
"2016_1160_1234",0.500156411248398
"2016_1160_1235",0.503129757013179
"2016_1160_1242",0.12971777125517
"2016_1160_1246",0.278738951056121
"2016_1160_1268",0.383813015919744
"2016_1160_1274",0.281771222192933
"2016_1160_1276",0.502931776063417
"2016_1160_1277",0.174209684241936
"2016_1160_1292",0.451934896222498
"2016_1160_1314",0.197456950121588
"2016_1160_1320",0.44120341365333
"2016_1160_1323",0.463355666710005
"2016_1160_1328",0.302588500863194
"2016_1160_1332",0.195215435355962
"2016_1160_1333",0.560747294017658
"2016_1160_1338",0.53492578546951
"2016_1160_1344",0.437042189026668
"2016_1160_1345",0.301082221333468
"2016_1160_1355",0.354297903329957
"2016_1160_1371",0.26089913271316
"2016_1160_1372",0.301314025290382
"2016_1160_1380",0.688426616266161
"2016_1160_1386",0.284017176160849
"2016_1160_1392",0.362835913905902
"2016_1160_1393",0.603288353743106
"2016_1160_1396",0.448649659681557
"2016_1160_1400",0.461297243248136
"2016_1160_1401",0.318831438016008
"2016_1160_1403",0.547069025183174
"2016_1160_1409",0.513673733791563
"2016_1160_1421",0.570791239469152
"2016_1160_1423",0.308255749434555
"2016_1160_1425",0.545792032660285
"2016_1160_1428",0.265163580472052
"2016_1160_1433",0.398055717995864
"2016_1160_1435",0.575198534682978
"2016_1160_1437",0.190438357517007
"2016_1160_1438",0.230953342187521
"2016_1160_1451",0.428179190047912
"2016_1160_1452",0.284175572753428
"2016_1160_1453",0.520759851274629
"2016_1160_1455",0.35951307750091
"2016_1160_1458",0.455255737143723
"2016_1160_1462",0.231312903024516
"2016_1160_1463",0.380147268512516
"2016_1163_1167",0.583672619580736
"2016_1163_1173",0.466189142736603
"2016_1163_1181",0.558664884545505
"2016_1163_1192",0.804869231593307
"2016_1163_1195",0.804780875139237
"2016_1163_1201",0.508440023624003
"2016_1163_1211",0.430616865807207
"2016_1163_1214",0.702925693466261
"2016_1163_1218",0.469638942293823
"2016_1163_1221",0.898967552035141
"2016_1163_1231",0.421159734196768
"2016_1163_1233",0.544169276666968
"2016_1163_1234",0.634242459016234
"2016_1163_1235",0.636997081047937
"2016_1163_1242",0.205278939089355
"2016_1163_1246",0.40109841945433
"2016_1163_1268",0.519100710190597
"2016_1163_1274",0.40471487846353
"2016_1163_1276",0.636813936491058
"2016_1163_1277",0.267715112943006
"2016_1163_1292",0.588308953078395
"2016_1163_1314",0.298923377938659
"2016_1163_1320",0.577752883265491
"2016_1163_1323",0.599406881558304
"2016_1163_1328",0.429187519877668
"2016_1163_1332",0.2959547896437
"2016_1163_1333",0.688696094051
"2016_1163_1338",0.665914877110038
"2016_1163_1344",0.573625835938323
"2016_1163_1345",0.427437281439022
"2016_1163_1355",0.48741137435175
"2016_1163_1371",0.379548387280946
"2016_1163_1372",0.427706834747377
"2016_1163_1380",0.792918637104846
"2016_1163_1386",0.407384953435603
"2016_1163_1392",0.496689672396482
"2016_1163_1393",0.724924240019782
"2016_1163_1396",0.585090688388383
"2016_1163_1400",0.597416903411088
"2016_1163_1401",0.447862156006206
"2016_1163_1403",0.676705007880489
"2016_1163_1409",0.646695117064201
"2016_1163_1421",0.69739320240115
"2016_1163_1423",0.435744400043856
"2016_1163_1425",0.675576764426988
"2016_1163_1428",0.384742644541913
"2016_1163_1433",0.534012916383338
"2016_1163_1435",0.701181068817816
"2016_1163_1437",0.289599625148804
"2016_1163_1438",0.342291091235261
"2016_1163_1451",0.564771761908248
"2016_1163_1452",0.40757298664247
"2016_1163_1453",0.65315176149068
"2016_1163_1455",0.49308965407694
"2016_1163_1458",0.591550285584814
"2016_1163_1462",0.342746736527325
"2016_1163_1463",0.51522324661224
"2016_1167_1173",0.383831110291693
"2016_1167_1181",0.474491414649159
"2016_1167_1192",0.746331496817858
"2016_1167_1195",0.746224991519723
"2016_1167_1201",0.424554285324655
"2016_1167_1211",0.350417824709146
"2016_1167_1214",0.627942588736154
"2016_1167_1218",0.387113426060364
"2016_1167_1221",0.863884688034398
"2016_1167_1231",0.341665110992272
"2016_1167_1233",0.459903915207864
"2016_1167_1234",0.552948812245881
"2016_1167_1235",0.555886969475449
"2016_1167_1242",0.155580020887761
"2016_1167_1246",0.323275627088374
"2016_1167_1268",0.435012637721664
"2016_1167_1274",0.326573022591517
"2016_1167_1276",0.555691446153739
"2016_1167_1277",0.206834237530626
"2016_1167_1292",0.504777539239273
"2016_1167_1314",0.233205602650392
"2016_1167_1320",0.493922097518675
"2016_1167_1323",0.516275765429209
"2016_1167_1328",0.349091472074084
"2016_1167_1332",0.230674915767262
"2016_1167_1333",0.612103336707155
"2016_1167_1338",0.587077693111379
"2016_1167_1344",0.489699390106323
"2016_1167_1345",0.34746903661171
"2016_1167_1355",0.404142629970543
"2016_1167_1371",0.303785942749531
"2016_1167_1372",0.347718786147157
"2016_1167_1380",0.731989600234323
"2016_1167_1386",0.329012497460513
"2016_1167_1392",0.413113317623396
"2016_1167_1393",0.652750692820432
"2016_1167_1396",0.501459637898408
"2016_1167_1400",0.514207512824298
"2016_1167_1401",0.366518788891227
"2016_1167_1403",0.598880316943582
"2016_1167_1409",0.566276505487533
"2016_1167_1421",0.621765068193915
"2016_1167_1423",0.355186109966258
"2016_1167_1425",0.597641964689676
"2016_1167_1428",0.308458828956931
"2016_1167_1433",0.449768471162115
"2016_1167_1435",0.625991911519452
"2016_1167_1437",0.225273006312967
"2016_1167_1438",0.270720675862882
"2016_1167_1451",0.480680320817394
"2016_1167_1452",0.329184450648098
"2016_1167_1453",0.573232948327535
"2016_1167_1455",0.409626053797484
"2016_1167_1458",0.508126675541452
"2016_1167_1462",0.271120322172876
"2016_1167_1463",0.431200086263532
"2016_1173_1181",0.591747810992722
"2016_1173_1192",0.825268750748586
"2016_1173_1195",0.825187625103199
"2016_1173_1201",0.542202708279546
"2016_1173_1211",0.464090764703936
"2016_1173_1214",0.730413011564545
"2016_1173_1218",0.503464023299521
"2016_1173_1221",0.910622165337604
"2016_1173_1231",0.454485284990282
"2016_1173_1233",0.577517077571973
"2016_1173_1234",0.665056645134443
"2016_1173_1235",0.667700785698559
"2016_1173_1242",0.22825842531526
"2016_1173_1246",0.434026833571048
"2016_1173_1268",0.552775236060631
"2016_1173_1274",0.437723194047768
"2016_1173_1276",0.66752504667076
"2016_1173_1277",0.295088680141668
"2016_1173_1292",0.620678521939094
"2016_1173_1314",0.32805840529093
"2016_1173_1320",0.610402792615652
"2016_1173_1323",0.631450501514995
"2016_1173_1328",0.462640588951898
"2016_1173_1332",0.324934581186463
"2016_1173_1333",0.716969899693963
"2016_1173_1338",0.695342464940229
"2016_1173_1344",0.606377449269356
"2016_1173_1345",0.460864073162302
"2016_1173_1355",0.521258424697558
"2016_1173_1371",0.41192446867294
"2016_1173_1372",0.46113772876199
"2016_1173_1380",0.814279222126543
"2016_1173_1386",0.440449911511284
"2016_1173_1392",0.53051419086485
"2016_1173_1393",0.751096850244803
"2016_1173_1396",0.617548799186677
"2016_1173_1400",0.629521317821836
"2016_1173_1401",0.481542866469075
"2016_1173_1403",0.705602341086121
"2016_1173_1409",0.67699448330993
"2016_1173_1421",0.725192296051439
"2016_1173_1423",0.469288368695912
"2016_1173_1425",0.704530911719717
"2016_1173_1428",0.417263826888078
"2016_1173_1433",0.567513211292026
"2016_1173_1435",0.728767523759706
"2016_1173_1437",0.318238407556386
"2016_1173_1438",0.373401721975345
"2016_1173_1451",0.597726539068888
"2016_1173_1452",0.440641858457016
"2016_1173_1453",0.683168687960947
"2016_1173_1455",0.526925675507958
"2016_1173_1458",0.623827957757451
"2016_1173_1462",0.373875239149688
"2016_1173_1463",0.548933357722111
"2016_1181_1192",0.765175099088719
"2016_1181_1195",0.765074015075466
"2016_1181_1201",0.449675469733613
"2016_1181_1211",0.3740033843523
"2016_1181_1214",0.651473754239725
"2016_1181_1218",0.411603837251133
"2016_1181_1221",0.875453172239592
"2016_1181_1231",0.364992570844329
"2016_1181_1233",0.485352575342983
"2016_1181_1234",0.578035801594651
"2016_1181_1235",0.580934037370934
"2016_1181_1242",0.169473006592944
"2016_1181_1246",0.346007425261197
"2016_1181_1268",0.460257694119061
"2016_1181_1274",0.349416964724089
"2016_1181_1276",0.580741224339316
"2016_1181_1277",0.224089519437425
"2016_1181_1292",0.530271368113372
"2016_1181_1314",0.251962051690445
"2016_1181_1320",0.519442740377836
"2016_1181_1323",0.541715075096866
"2016_1181_1328",0.372638971118646
"2016_1181_1332",0.249293997997026
"2016_1181_1333",0.636055664290441
"2016_1181_1338",0.611594768422801
"2016_1181_1344",0.515223976098814
"2016_1181_1345",0.370969468656459
"2016_1181_1355",0.428956355650196
"2016_1181_1371",0.325807086311582
"2016_1181_1372",0.371226500011654
"2016_1181_1380",0.75154391324175
"2016_1181_1386",0.351937903043716
"2016_1181_1392",0.438072892824528
"2016_1181_1393",0.675523599584663
"2016_1181_1396",0.526964207383783
"2016_1181_1400",0.539658606908513
"2016_1181_1401",0.390536518017888
"2016_1181_1403",0.623146454560721
"2016_1181_1409",0.591168565276629
"2016_1181_1421",0.645466347848995
"2016_1181_1423",0.378905402772041
"2016_1181_1425",0.621935724710158
"2016_1181_1428",0.330657828633413
"2016_1181_1433",0.475149690202215
"2016_1181_1435",0.649577601754555
"2016_1181_1437",0.24359412793141
"2016_1181_1438",0.291347979727761
"2016_1181_1451",0.50620113027491
"2016_1181_1452",0.352115550221999
"2016_1181_1453",0.59800918205368
"2016_1181_1455",0.434530932768705
"2016_1181_1458",0.533607393641933
"2016_1181_1462",0.291765894177948
"2016_1181_1463",0.456402620017313
"2016_1192_1195",0.499859378176492
"2016_1192_1201",0.200488091449745
"2016_1192_1211",0.154943274127641
"2016_1192_1214",0.364533484268421
"2016_1192_1218",0.176738347111059
"2016_1192_1221",0.683260241877558
"2016_1192_1231",0.149946049381211
"2016_1192_1233",0.224458435795608
"2016_1192_1234",0.295972843099529
"2016_1192_1235",0.298457135228347
"2016_1192_1242",0.0589319906903435
"2016_1192_1246",0.139686008208953
"2016_1192_1268",0.207416364443424
"2016_1192_1274",0.141502358389853
"2016_1192_1276",0.298291342224759
"2016_1192_1277",0.0814164066618046
"2016_1192_1292",0.257303565076905
"2016_1192_1314",0.0936857686915911
"2016_1192_1320",0.249093210023527
"2016_1192_1323",0.266194749083889
"2016_1192_1328",0.154181189990789
"2016_1192_1332",0.0924865006529994
"2016_1192_1333",0.349104134436856
"2016_1192_1338",0.325799837329011
"2016_1192_1344",0.245946399789284
"2016_1192_1345",0.153251339814241
"2016_1192_1355",0.18734192523454
"2016_1192_1371",0.1291522291316
"2016_1192_1372",0.153394307923059
"2016_1192_1380",0.481408316297364
"2016_1192_1386",0.142852628913015
"2016_1192_1392",0.19305951904891
"2016_1192_1393",0.3898389399922
"2016_1192_1396",0.254775454442268
"2016_1192_1400",0.264580369154915
"2016_1192_1401",0.164334818023457
"2016_1192_1403",0.336631980879526
"2016_1192_1409",0.307365192274465
"2016_1192_1421",0.358450732922866
"2016_1192_1423",0.157697392037865
"2016_1192_1425",0.335482363382829
"2016_1192_1428",0.131646811224632
"2016_1192_1433",0.217422963888042
"2016_1192_1435",0.362603598908372
"2016_1192_1437",0.0899423343203056
"2016_1192_1438",0.112036014812619
"2016_1192_1451",0.239311340753009
"2016_1192_1452",0.142948016116576
"2016_1192_1453",0.313439562429367
"2016_1192_1455",0.190825835458104
"2016_1192_1458",0.259872374870726
"2016_1192_1462",0.112237458196855
"2016_1192_1463",0.20487520079024
"2016_1195_1201",0.200578269202324
"2016_1195_1211",0.155016938180393
"2016_1195_1214",0.364663793717445
"2016_1195_1218",0.176820204967448
"2016_1195_1221",0.68338196040296
"2016_1195_1231",0.150017759386751
"2016_1195_1233",0.224556366988111
"2016_1195_1234",0.296090063671573
"2016_1195_1235",0.298574922437381
"2016_1195_1242",0.0589631934207087
"2016_1195_1246",0.139753618162543
"2016_1195_1268",0.207508849659459
"2016_1195_1274",0.141570702813558
"2016_1195_1276",0.298409091834702
"2016_1195_1277",0.0814584837421717
"2016_1195_1292",0.2574110701975
"2016_1195_1314",0.0937335396999523
"2016_1195_1320",0.249198435750428
"2016_1195_1323",0.266304637049969
"2016_1195_1328",0.154254557864971
"2016_1195_1332",0.0925337225814835
"2016_1195_1333",0.349231959520321
"2016_1195_1338",0.32592340219126
"2016_1195_1344",0.246050731774241
"2016_1195_1345",0.153324345423331
"2016_1195_1355",0.187427576135378
"2016_1195_1371",0.129215506363084
"2016_1195_1372",0.153467369295143
"2016_1195_1380",0.48154874516529
"2016_1195_1386",0.142921516933567
"2016_1195_1392",0.193147162693063
"2016_1195_1393",0.389972744065195
"2016_1195_1396",0.254882265781715
"2016_1195_1400",0.264689831076171
"2016_1195_1401",0.16441207836404
"2016_1195_1403",0.336757601961582
"2016_1195_1409",0.307484954201082
"2016_1195_1421",0.358580094941021
"2016_1195_1423",0.157772121008604
"2016_1195_1425",0.335607772500805
"2016_1195_1428",0.131711125807411
"2016_1195_1433",0.217518686438832
"2016_1195_1435",0.362733612273451
"2016_1195_1437",0.0899883860520568
"2016_1195_1438",0.112091985482504
"2016_1195_1451",0.239413751757341
"2016_1195_1452",0.143016942460846
"2016_1195_1453",0.313560619700359
"2016_1195_1455",0.190912704979825
"2016_1195_1458",0.259980577573732
"2016_1195_1462",0.112293516776636
"2016_1195_1463",0.20496684594488
"2016_1201_1211",0.422358707684089
"2016_1201_1214",0.695827241263401
"2016_1201_1218",0.461238648751625
"2016_1201_1221",0.895859431238863
"2016_1201_1231",0.412951403888494
"2016_1201_1233",0.535782610603166
"2016_1201_1234",0.626375172489069
"2016_1201_1235",0.629154400971579
"2016_1201_1242",0.199825594031643
"2016_1201_1246",0.393015608870888
"2016_1201_1268",0.510667565458503
"2016_1201_1274",0.396607451577751
"2016_1201_1276",0.628969604307603
"2016_1201_1277",0.261148155863836
"2016_1201_1292",0.580107756198011
"2016_1201_1314",0.291896040110848
"2016_1201_1320",0.56949528090984
"2016_1201_1323",0.591273169386923
"2016_1201_1328",0.42093650828486
"2016_1201_1332",0.288968474742165
"2016_1201_1333",0.681411735377086
"2016_1201_1338",0.658361886224911
"2016_1201_1344",0.565348242898765
"2016_1201_1345",0.419195207274105
"2016_1201_1355",0.478980283963948
"2016_1201_1371",0.37163037333014
"2016_1201_1372",0.41946337076085
"2016_1201_1380",0.787319908815806
"2016_1201_1386",0.399259913108276
"2016_1201_1392",0.488250961809419
"2016_1201_1393",0.718140659553233
"2016_1201_1396",0.576871491166365
"2016_1201_1400",0.589270472863238
"2016_1201_1401",0.439528572890487
"2016_1201_1403",0.66927480627681
"2016_1201_1409",0.638943201449701
"2016_1201_1421",0.690220812777934
"2016_1201_1423",0.427461731880597
"2016_1201_1425",0.668133349239628
"2016_1201_1428",0.376782074092267
"2016_1201_1433",0.525602291339775
"2016_1201_1435",0.694059073441698
"2016_1201_1437",0.282703091137513
"2016_1201_1438",0.334731003982412
"2016_1201_1451",0.556455188891109
"2016_1201_1452",0.399446723901106
"2016_1201_1453",0.645463846749555
"2016_1201_1455",0.484653210765731
"2016_1201_1458",0.583367931084723
"2016_1201_1462",0.335181714234061
"2016_1201_1463",0.50678671093854
"2016_1211_1214",0.757790460144908
"2016_1211_1218",0.539353677712371
"2016_1211_1221",0.921661584564769
"2016_1211_1231",0.490331310314387
"2016_1211_1233",0.612177295422649
"2016_1211_1234",0.696311677703975
"2016_1211_1235",0.698820819547856
"2016_1211_1242",0.254588736624183
"2016_1211_1246",0.469648452019038
"2016_1211_1268",0.588017258860296
"2016_1211_1274",0.473394435924077
"2016_1211_1276",0.698654110755608
"2016_1211_1277",0.325872860023212
"2016_1211_1292",0.653919729005324
"2016_1211_1314",0.360522952981225
"2016_1211_1320",0.644028042813194
"2016_1211_1323",0.664258350590752
"2016_1211_1328",0.498542000342553
"2016_1211_1332",0.357254354278969
"2016_1211_1333",0.745236369832874
"2016_1211_1338",0.724940238368537
"2016_1211_1344",0.640145301990662
"2016_1211_1345",0.496755067509013
"2016_1211_1355",0.55699363022312
"2016_1211_1371",0.44716529743492
"2016_1211_1372",0.497030387509583
"2016_1211_1380",0.835063007569949
"2016_1211_1386",0.476155188000891
"2016_1211_1392",0.566133565057393
"2016_1211_1393",0.77701504392265
"2016_1211_1396",0.65091001694492
"2016_1211_1400",0.662409087007007
"2016_1211_1401",0.517498492477065
"2016_1211_1403",0.734583825415177
"2016_1211_1409",0.707625272476325
"2016_1211_1421",0.752920579339317
"2016_1211_1423",0.505220633903678
"2016_1211_1425",0.733578045748207
"2016_1211_1428",0.452609879372928
"2016_1211_1433",0.602429151044276
"2016_1211_1435",0.756256313100882
"2016_1211_1437",0.35023769668678
"2016_1211_1438",0.407631307470467
"2016_1211_1451",0.631785877403009
"2016_1211_1452",0.476349448634531
"2016_1211_1453",0.713461788418019
"2016_1211_1455",0.562592831671192
"2016_1211_1458",0.656945714346355
"2016_1211_1462",0.408119959567487
"2016_1211_1463",0.584250427278228
"2016_1214_1218",0.272324128245644
"2016_1214_1221",0.78993544173687
"2016_1214_1231",0.235181090421735
"2016_1214_1233",0.335340144652756
"2016_1214_1234",0.422917469429003
"2016_1214_1235",0.425822817313977
"2016_1214_1242",0.0984212779044865
"2016_1214_1246",0.220602398650399
"2016_1214_1268",0.313280092713498
"2016_1214_1274",0.223197941281828
"2016_1214_1276",0.425629197997758
"2016_1214_1277",0.133829506491967
"2016_1214_1292",0.37653307350333
"2016_1214_1314",0.15268458032622
"2016_1214_1320",0.366395085574236
"2016_1214_1323",0.387395240500392
"2016_1214_1328",0.241140717942638
"2016_1214_1332",0.15085578047239
"2016_1214_1333",0.483196724488909
"2016_1214_1338",0.457229069977558
"2016_1214_1344",0.362481735335649
"2016_1214_1345",0.239835132165805
"2016_1214_1355",0.286665579431438
"2016_1214_1371",0.205423687418383
"2016_1214_1372",0.240035976480428
"2016_1214_1380",0.618064235034922
"2016_1214_1386",0.225123356350334
"2016_1214_1392",0.294316650521829
"2016_1214_1393",0.526911895094817
"2016_1214_1396",0.373422495841916
"2016_1214_1400",0.385431901289144
"2016_1214_1401",0.255292586152703
"2016_1214_1403",0.469388672115052
"2016_1214_1409",0.436168870099418
"2016_1214_1421",0.493411939513187
"2016_1214_1423",0.24606315082966
"2016_1214_1425",0.468105604631047
"2016_1214_1428",0.209037833662075
"2016_1214_1433",0.326291410413953
"2016_1214_1435",0.497914876244469
"2016_1214_1437",0.1469659869785
"2016_1214_1438",0.18029208938718
"2016_1214_1451",0.354179494282966
"2016_1214_1452",0.22525924139916
"2016_1214_1453",0.443160087667667
"2016_1214_1455",0.291334396644171
"2016_1214_1458",0.379683692289012
"2016_1214_1462",0.180591299165976
"2016_1214_1463",0.309949141919868
"2016_1218_1221",0.90948797258394
"2016_1218_1231",0.451052130964568
"2016_1218_1233",0.574132678985802
"2016_1218_1234",0.661963037822722
"2016_1218_1235",0.664619284562204
"2016_1218_1242",0.225826740171103
"2016_1218_1246",0.43062622694246
"2016_1218_1268",0.549347298396927
"2016_1218_1274",0.434315850469703
"2016_1218_1276",0.664442734862476
"2016_1218_1277",0.292214615721914
"2016_1218_1292",0.617410825136877
"2016_1218_1314",0.325011281896142
"2016_1218_1320",0.607102609681501
"2016_1218_1323",0.628220016923376
"2016_1218_1328",0.459197687193251
"2016_1218_1332",0.321902572869223
"2016_1218_1333",0.71414968640733
"2016_1218_1338",0.692399205376025
"2016_1218_1344",0.603065341794741
"2016_1218_1345",0.457423138062394
"2016_1218_1355",0.517799644438409
"2016_1218_1371",0.408572022501902
"2016_1218_1372",0.457696485027575
"2016_1218_1380",0.812174620085907
"2016_1218_1386",0.437037840277846
"2016_1218_1392",0.527061609416007
"2016_1218_1393",0.748497404422339
"2016_1218_1396",0.614270896565896
"2016_1218_1400",0.626283931172888
"2016_1218_1401",0.478084447935293
"2016_1218_1403",0.702715823788128
"2016_1218_1409",0.673957081412424
"2016_1218_1421",0.722422293797135
"2016_1218_1423",0.465838882428552
"2016_1218_1425",0.701638331325082
"2016_1218_1428",0.413898510347099
"2016_1218_1433",0.564109160146733
"2016_1218_1435",0.726019943932302
"2016_1218_1437",0.315239704090255
"2016_1218_1438",0.370165448932405
"2016_1218_1451",0.594390330474124
"2016_1218_1452",0.437229462163604
"2016_1218_1453",0.680161916038767
"2016_1218_1455",0.523470408658088
"2016_1218_1458",0.620570806438262
"2016_1218_1462",0.370637289662341
"2016_1218_1463",0.545500184692827
"2016_1221_1231",0.075590845957549
"2016_1221_1233",0.118296008497162
"2016_1221_1234",0.163099525322455
"2016_1221_1235",0.164729483406247
"2016_1221_1242",0.0282110018678664
"2016_1221_1246",0.0699995892066477
"2016_1221_1268",0.108189903126644
"2016_1221_1274",0.0709845659782763
"2016_1221_1276",0.164620544621716
"2016_1221_1277",0.0394659395497142
"2016_1221_1292",0.138378171521413
"2016_1221_1314",0.0457281235208675
"2016_1221_1320",0.13328162851483
"2016_1221_1323",0.143956401957017
"2016_1221_1328",0.0779183692869032
"2016_1221_1332",0.0451122021616588
"2016_1221_1333",0.199124580582814
"2016_1221_1338",0.183017009670764
"2016_1221_1344",0.131341968662715
"2016_1221_1345",0.0774063605433644
"2016_1221_1355",0.0965490757907757
"2016_1221_1371",0.0643279551708152
"2016_1221_1372",0.077485047685211
"2016_1221_1380",0.300862019577275
"2016_1221_1386",0.0717181424695635
"2016_1221_1392",0.0998361273571135
"2016_1221_1393",0.228502795156319
"2016_1221_1396",0.136803316891383
"2016_1221_1400",0.142938950288216
"2016_1221_1401",0.0835457744066119
"2016_1221_1403",0.190442890229709
"2016_1221_1409",0.170616879287014
"2016_1221_1421",0.205724891706639
"2016_1221_1423",0.0798595602318099
"2016_1221_1425",0.189649788322508
"2016_1221_1428",0.0656648643892567
"2016_1221_1433",0.114098556853952
"2016_1221_1435",0.208683896597049
"2016_1221_1437",0.043808323349545
"2016_1221_1438",0.0552576143825288
"2016_1221_1451",0.127276810778909
"2016_1221_1452",0.0717700080621925
"2016_1221_1453",0.174670258952907
"2016_1221_1455",0.0985493063876107
"2016_1221_1458",0.139983463073267
"2016_1221_1462",0.0553633339725262
"2016_1221_1463",0.106700754596098
"2016_1231_1233",0.621319648326167
"2016_1231_1234",0.704428285135652
"2016_1231_1235",0.706898594102227
"2016_1231_1242",0.261998501392086
"2016_1231_1246",0.479292834830827
"2016_1231_1268",0.597354549157772
"2016_1231_1274",0.483045680228869
"2016_1231_1276",0.706734480143693
"2016_1231_1277",0.334426524089284
"2016_1231_1292",0.662620370784163
"2016_1231_1314",0.369487627457123
"2016_1231_1320",0.652845345741047
"2016_1231_1323",0.672829117026509
"2016_1231_1328",0.508211153036898
"2016_1231_1332",0.36618429383003
"2016_1231_1333",0.752510137863219
"2016_1231_1338",0.732585547882327
"2016_1231_1344",0.649006364404891
"2016_1231_1345",0.506424563457945
"2016_1231_1355",0.56651570500077
"2016_1231_1371",0.456745602409164
"2016_1231_1372",0.506699846666198
"2016_1231_1380",0.840321645682465
"2016_1231_1386",0.485810792507883
"2016_1231_1392",0.575608869961002
"2016_1231_1393",0.78364490673871
"2016_1231_1396",0.6596469418625
"2016_1231_1400",0.671003679962244
"2016_1231_1401",0.527148809206728
"2016_1231_1403",0.742056464398684
"2016_1231_1409",0.715563021852593
"2016_1231_1421",0.760045596000552
"2016_1231_1423",0.514886317941116
"2016_1231_1425",0.741069020461722
"2016_1231_1428",0.462209306218971
"2016_1231_1433",0.611655525994096
"2016_1231_1435",0.763315375969835
"2016_1231_1437",0.359090234056077
"2016_1231_1438",0.417003505717071
"2016_1231_1451",0.640737259253243
"2016_1231_1452",0.486005337691265
"2016_1231_1453",0.721303488746957
"2016_1231_1455",0.572087015800403
"2016_1231_1458",0.66560918317871
"2016_1231_1462",0.417495474504279
"2016_1231_1463",0.593614088100447
"2016_1233_1234",0.592261398456346
"2016_1233_1235",0.595130363276677
"2016_1233_1242",0.177882471685951
"2016_1233_1246",0.359386178794653
"2016_1233_1268",0.474846549224415
"2016_1233_1274",0.362854406659387
"2016_1233_1276",0.594939527686813
"2016_1233_1277",0.234444096982912
"2016_1233_1292",0.544839266281092
"2016_1233_1314",0.263167718645794
"2016_1233_1320",0.534051375604451
"2016_1233_1323",0.556225081512105
"2016_1233_1328",0.386438998552207
"2016_1233_1332",0.260422316588968
"2016_1233_1333",0.649511265817511
"2016_1233_1338",0.625422144986333
"2016_1233_1344",0.529844780161839
"2016_1233_1345",0.384745586086217
"2016_1233_1355",0.443368054039231
"2016_1233_1371",0.338809414307211
"2016_1233_1372",0.385006320290105
"2016_1233_1380",0.762325219746533
"2016_1233_1386",0.365417839077391
"2016_1233_1392",0.452548148376895
"2016_1233_1393",0.688235236634844
"2016_1233_1396",0.541545996645608
"2016_1233_1400",0.554180139361616
"2016_1233_1401",0.404571921140156
"2016_1233_1403",0.63680680258763
"2016_1233_1409",0.605253772826048
"2016_1233_1421",0.65876068228263
"2016_1233_1423",0.392792199236856
"2016_1233_1425",0.635614296778066
"2016_1233_1428",0.343755036576649
"2016_1233_1433",0.489782238082323
"2016_1233_1435",0.662798309788259
"2016_1233_1437",0.254554284743898
"2016_1233_1438",0.303594373294265
"2016_1233_1451",0.520840982936948
"2016_1233_1452",0.365598451947637
"2016_1233_1453",0.612013389041222
"2016_1233_1455",0.44898266447103
"2016_1233_1458",0.548159989013924
"2016_1233_1462",0.304022317915041
"2016_1233_1463",0.470975906768336
"2016_1234_1235",0.50297335158695
"2016_1234_1242",0.129647157880394
"2016_1234_1246",0.278613186576369
"2016_1234_1268",0.383665061268017
"2016_1234_1274",0.281644623821194
"2016_1234_1276",0.502775369905744
"2016_1234_1277",0.174119696875919
"2016_1234_1292",0.451779935033019
"2016_1234_1314",0.197357824359554
"2016_1234_1320",0.441049170957743
"2016_1234_1323",0.46320009914878
"2016_1234_1328",0.302456488118359
"2016_1234_1332",0.195117161282221
"2016_1234_1333",0.56059318568844
"2016_1234_1338",0.534770133988276
"2016_1234_1344",0.43688826370155
"2016_1234_1345",0.300950582165773
"2016_1234_1355",0.354154787008469
"2016_1234_1371",0.260778507148657
"2016_1234_1372",0.301182328447491
"2016_1234_1380",0.68829240246435
"2016_1234_1386",0.283889967552625
"2016_1234_1392",0.362691285945372
"2016_1234_1393",0.603138607501445
"2016_1234_1396",0.448494903141698
"2016_1234_1400",0.461141772920076
"2016_1234_1401",0.318695577116981
"2016_1234_1403",0.54691399548157
"2016_1234_1409",0.513517438183539
"2016_1234_1421",0.570637956788898
"2016_1234_1423",0.308122356563235
"2016_1234_1425",0.545636928889636
"2016_1234_1428",0.265041690292434
"2016_1234_1433",0.397905818409281
"2016_1234_1435",0.575045654151504
"2016_1234_1437",0.190341919511577
"2016_1234_1438",0.230842237644717
"2016_1234_1451",0.428026012902415
"2016_1234_1452",0.284048321346263
"2016_1234_1453",0.520603707633305
"2016_1234_1455",0.359369027003407
"2016_1234_1458",0.455100582810689
"2016_1234_1462",0.231201677509847
"2016_1234_1463",0.379999855506323
"2016_1235_1242",0.12831100593367
"2016_1235_1246",0.276229033640308
"2016_1235_1268",0.380856558774184
"2016_1235_1274",0.279244571701157
"2016_1235_1276",0.49980201178348
"2016_1235_1277",0.172416004140925
"2016_1235_1292",0.44883592608476
"2016_1235_1314",0.195480574115573
"2016_1235_1320",0.438119205614806
"2016_1235_1323",0.460244147751152
"2016_1235_1328",0.299953139679739
"2016_1235_1332",0.19325609239502
"2016_1235_1333",0.557661388321807
"2016_1235_1338",0.531809936934166
"2016_1235_1344",0.433964479269598
"2016_1235_1345",0.298454364799817
"2016_1235_1355",0.351439128571604
"2016_1235_1371",0.258492283275828
"2016_1235_1372",0.298685010182298
"2016_1235_1380",0.685734992888566
"2016_1235_1386",0.281478278943302
"2016_1235_1392",0.359946651047295
"2016_1235_1393",0.600288276471328
"2016_1235_1396",0.445554903044734
"2016_1235_1400",0.458187745146205
"2016_1235_1401",0.31611873370134
"2016_1235_1403",0.543965175020736
"2016_1235_1409",0.510545782024934
"2016_1235_1421",0.56772149978951
"2016_1235_1423",0.305592657846965
"2016_1235_1425",0.542686746752755
"2016_1235_1428",0.262731375118093
"2016_1235_1433",0.395059890097601
"2016_1235_1435",0.572136688054347
"2016_1235_1437",0.18851573003456
"2016_1235_1438",0.228737253079169
"2016_1235_1451",0.42511676255549
"2016_1235_1452",0.281635816560772
"2016_1235_1453",0.517634677393492
"2016_1235_1455",0.356635464259014
"2016_1235_1458",0.452152781973737
"2016_1235_1462",0.229094391559827
"2016_1235_1463",0.37720176285039
"2016_1242_1246",0.721664073883039
"2016_1242_1268",0.80691089691253
"2016_1242_1274",0.724673547860864
"2016_1242_1276",0.871600390201664
"2016_1242_1277",0.585980934425365
"2016_1242_1292",0.846914157170717
"2016_1242_1314",0.62273930852891
"2016_1242_1320",0.841199074387509
"2016_1242_1323",0.852785311761542
"2016_1242_1328",0.744302919377165
"2016_1242_1332",0.619396056592077
"2016_1242_1333",0.89544915374374
"2016_1242_1338",0.885277753695502
"2016_1242_1344",0.838929092783303
"2016_1242_1345",0.742940185732824
"2016_1242_1355",0.786382504100694
"2016_1242_1371",0.703110891867615
"2016_1242_1372",0.7431504601076
"2016_1242_1380",0.936803835472941
"2016_1242_1386",0.726876993319292
"2016_1242_1392",0.792552417082454
"2016_1242_1393",0.910734964540735
"2016_1242_1396",0.845185478761658
"2016_1242_1400",0.851742689785187
"2016_1242_1401",0.758469937968738
"2016_1242_1403",0.890151712508361
"2016_1242_1409",0.876334230024044
"2016_1242_1421",0.899215357993153
"2016_1242_1423",0.749354005516205
"2016_1242_1425",0.889646888389894
"2016_1242_1428",0.707682594685102
"2016_1242_1433",0.816060795536964
"2016_1242_1435",0.900836145028204
"2016_1242_1437",0.612134191535603
"2016_1242_1438",0.668303169606057
"2016_1242_1451",0.833989886296632
"2016_1242_1452",0.727031578567112
"2016_1242_1453",0.879376990255508
"2016_1242_1455",0.790174621943663
"2016_1242_1458",0.84864325947486
"2016_1242_1462",0.668751528659658
"2016_1242_1463",0.804479974238589
"2016_1246_1268",0.617117309979609
"2016_1246_1274",0.503758122943618
"2016_1246_1276",0.723612605887741
"2016_1246_1277",0.353119334133896
"2016_1246_1292",0.680891001542503
"2016_1246_1314",0.388994808184756
"2016_1246_1320",0.671382808787823
"2016_1246_1323",0.690804871481049
"2016_1246_1328",0.528898663681356
"2016_1246_1332",0.385623738165385
"2016_1246_1333",0.767620010042334
"2016_1246_1338",0.748505320324947
"2016_1246_1344",0.667644462026754
"2016_1246_1345",0.5271172984825
"2016_1246_1355",0.586744956917974
"2016_1246_1371",0.477371697070974
"2016_1246_1372",0.52739181104221
"2016_1246_1380",0.851130994794765
"2016_1246_1386",0.506525627070703
"2016_1246_1392",0.595716602114831
"2016_1246_1393",0.797365781721862
"2016_1246_1396",0.678000347493786
"2016_1246_1400",0.689033375310516
"2016_1246_1401",0.547748602117927
"2016_1246_1403",0.757598972953822
"2016_1246_1409",0.73212563114051
"2016_1246_1421",0.774833068917748
"2016_1246_1423",0.535549649902175
"2016_1246_1425",0.756651515966835
"2016_1246_1428",0.482862829429952
"2016_1246_1433",0.631149781566296
"2016_1246_1435",0.777960212252416
"2016_1246_1437",0.378377903073677
"2016_1246_1438",0.437279499529407
"2016_1246_1451",0.659584139549807
"2016_1246_1452",0.506720292749172
"2016_1246_1453",0.737654384506894
"2016_1246_1455",0.592243407485561
"2016_1246_1458",0.683795195313753
"2016_1246_1462",0.437777426826913
"2016_1246_1463",0.613441634826519
"2016_1268_1274",0.386440884760411
"2016_1268_1276",0.618956677284318
"2016_1268_1277",0.252998002830249
"2016_1268_1292",0.569678366651541
"2016_1268_1314",0.283154034399121
"2016_1268_1320",0.559002680929444
"2016_1268_1323",0.58092076197698
"2016_1268_1328",0.410570647047669
"2016_1268_1332",0.280279442464773
"2016_1268_1333",0.672076192148042
"2016_1268_1338",0.648699131826227
"2016_1268_1344",0.554833576846427
"2016_1268_1345",0.408841951272892
"2016_1268_1355",0.468341113891852
"2016_1268_1371",0.361720244302071
"2016_1268_1372",0.409108156853434
"2016_1268_1380",0.780086204634482
"2016_1268_1386",0.389069195458984
"2016_1268_1392",0.47759462893722
"2016_1268_1393",0.709422422941255
"2016_1268_1396",0.56642179761674
"2016_1268_1400",0.578903466049786
"2016_1268_1401",0.42904409719221
"2016_1268_1403",0.659761195985756
"2016_1268_1409",0.629040685021609
"2016_1268_1421",0.681022566195734
"2016_1268_1423",0.417050912668007
"2016_1268_1425",0.658603653022951
"2016_1268_1428",0.366814762140911
"2016_1268_1433",0.514951059262773
"2016_1268_1435",0.684922770503251
"2016_1268_1437",0.274129820186478
"2016_1268_1438",0.325295467350373
"2016_1268_1451",0.545898190231006
"2016_1268_1452",0.389254327658302
"2016_1268_1453",0.635638184849729
"2016_1268_1455",0.47400266969836
"2016_1268_1458",0.572959908202107
"2016_1268_1462",0.325739693526292
"2016_1268_1463",0.49611802129498
"2016_1274_1276",0.720596006417581
"2016_1274_1277",0.349693086210743
"2016_1274_1292",0.677615859190585
"2016_1274_1314",0.385427869993836
"2016_1274_1320",0.668057654571743
"2016_1274_1323",0.687584792870453
"2016_1274_1328",0.525151467010976
"2016_1274_1332",0.382068382153609
"2016_1274_1333",0.764927690029931
"2016_1274_1338",0.745664916554644
"2016_1274_1344",0.664300394807713
"2016_1274_1345",0.523368701569625
"2016_1274_1355",0.583095189507455
"2016_1274_1371",0.473622546676014
"2016_1274_1372",0.523643423684351
"2016_1274_1380",0.849216165305494
"2016_1274_1386",0.502767775636009
"2016_1274_1392",0.592090985117096
"2016_1274_1393",0.794926021942312
"2016_1274_1396",0.674709710830594
"2016_1274_1400",0.685803238776471
"2016_1274_1401",0.544022077361626
"2016_1274_1403",0.754827632926522
"2016_1274_1409",0.729167170225867
"2016_1274_1421",0.772199518098979
"2016_1274_1423",0.531808525428813
"2016_1274_1425",0.753872862911998
"2016_1274_1428",0.479110088027963
"2016_1274_1433",0.627643308428001
"2016_1274_1435",0.775352632275889
"2016_1274_1437",0.374848592342586
"2016_1274_1438",0.433583996609565
"2016_1274_1451",0.656200733929659
"2016_1274_1452",0.502962469082314
"2016_1274_1453",0.734734860674434
"2016_1274_1455",0.588608152883339
"2016_1274_1458",0.680535874895871
"2016_1274_1462",0.434080961935795
"2016_1274_1463",0.609870875834779
"2016_1276_1277",0.172529036210199
"2016_1276_1292",0.449031849095508
"2016_1276_1314",0.195605152939029
"2016_1276_1320",0.4383141708141
"2016_1276_1323",0.460440890458558
"2016_1276_1328",0.300119461285358
"2016_1276_1332",0.193379594323092
"2016_1276_1333",0.55785673450466
"2016_1276_1338",0.532007118828286
"2016_1276_1344",0.434159024199296
"2016_1276_1345",0.298620209852936
"2016_1276_1355",0.351619659365057
"2016_1276_1371",0.258644109106131
"2016_1276_1372",0.298850928803484
"2016_1276_1380",0.68590563562051
"2016_1276_1386",0.281638477754262
"2016_1276_1392",0.360129125394688
"2016_1276_1393",0.600478284341992
"2016_1276_1396",0.445750552136243
"2016_1276_1400",0.45838435532994
"2016_1276_1401",0.316289969090256
"2016_1276_1403",0.54416162560248
"2016_1276_1409",0.510743680512789
"2016_1276_1421",0.567915845527385
"2016_1276_1423",0.305760740705127
"2016_1276_1425",0.54288328526159
"2016_1276_1428",0.26288480806991
"2016_1276_1433",0.395249172722089
"2016_1276_1435",0.572330544109567
"2016_1276_1437",0.188636910936392
"2016_1276_1438",0.228876996670236
"2016_1276_1451",0.425310321375719
"2016_1276_1452",0.281796069868089
"2016_1276_1453",0.517832416565456
"2016_1276_1455",0.356817195792757
"2016_1276_1458",0.452348964561892
"2016_1276_1462",0.229234288489454
"2016_1276_1463",0.377387826982095
"2016_1277_1292",0.796283390682663
"2016_1277_1314",0.538378441799327
"2016_1277_1320",0.789148718806222
"2016_1277_1323",0.803646141072974
"2016_1277_1328",0.672844665674722
"2016_1277_1332",0.534846008629557
"2016_1277_1333",0.858182613171747
"2016_1277_1338",0.845013194596456
"2016_1277_1344",0.786323697929262
"2016_1277_1345",0.671269297207509
"2016_1277_1355",0.722296370906078
"2016_1277_1371",0.625926510664382
"2016_1277_1372",0.67151227670807
"2016_1277_1380",0.912843179073552
"2016_1277_1386",0.652820386635154
"2016_1277_1392",0.729681002241738
"2016_1277_1393",0.878175698081908
"2016_1277_1396",0.794121962560607
"2016_1277_1400",0.802336165716078
"2016_1277_1401",0.689318250058546
"2016_1277_1403",0.85131047285473
"2016_1277_1409",0.833521011890964
"2016_1277_1421",0.863085999948589
"2016_1277_1423",0.678697989356295
"2016_1277_1425",0.850657095542615
"2016_1277_1428",0.631063100995703
"2016_1277_1433",0.758139874611854
"2016_1277_1435",0.86520070848498
"2016_1277_1437",0.527202331630528
"2016_1277_1438",0.587380097113665
"2016_1277_1451",0.780194011402661
"2016_1277_1452",0.652996877327426
"2016_1277_1453",0.837421749986762
"2016_1277_1455",0.726830949094308
"2016_1277_1458",0.798448270129292
"2016_1277_1462",0.587870385481592
"2016_1277_1463",0.744056077483041
"2016_1292_1314",0.229805644686671
"2016_1292_1320",0.489145818988949
"2016_1292_1323",0.511501803623889
"2016_1292_1328",0.344761622564576
"2016_1292_1332",0.227300916342907
"2016_1292_1333",0.60755621647983
"2016_1292_1338",0.582437335235235
"2016_1292_1344",0.484924818360353
"2016_1292_1345",0.343148701755314
"2016_1292_1355",0.399549101647816
"2016_1292_1371",0.299759242560208
"2016_1292_1372",0.343396980158858
"2016_1292_1380",0.728223858991446
"2016_1292_1386",0.324807417156522
"2016_1292_1392",0.408487727021997
"2016_1292_1393",0.648406365075105
"2016_1292_1396",0.496682006107314
"2016_1292_1400",0.509432534591741
"2016_1292_1401",0.362093029220182
"2016_1292_1403",0.594280932687293
"2016_1292_1409",0.561576956815235
"2016_1292_1421",0.617260387963414
"2016_1292_1423",0.350821409968973
"2016_1292_1425",0.593038030066917
"2016_1292_1428",0.304397270397415
"2016_1292_1433",0.445043686268993
"2016_1292_1435",0.621506927572211
"2016_1292_1437",0.221955223274484
"2016_1292_1438",0.266964197874915
"2016_1292_1451",0.47591167503832
"2016_1292_1452",0.324978237042701
"2016_1292_1453",0.568551346226836
"2016_1292_1455",0.405012563588329
"2016_1292_1458",0.503349656510686
"2016_1292_1462",0.267360331759191
"2016_1292_1463",0.426519157956351
"2016_1314_1320",0.762418594703278
"2016_1314_1323",0.778237420266494
"2016_1314_1328",0.638131407584893
"2016_1314_1332",0.49644856901108
"2016_1314_1333",0.838412085547696
"2016_1314_1338",0.823783723019856
"2016_1314_1344",0.759344654325426
"2016_1314_1345",0.636479192965749
"2016_1314_1355",0.690415979780014
"2016_1314_1371",0.589273862342822
"2016_1314_1372",0.636733971423858
"2016_1314_1380",0.899803103196006
"2016_1314_1386",0.617191255589372
"2016_1314_1392",0.698294256478992
"2016_1314_1393",0.86074008546136
"2016_1314_1396",0.767836827735464
"2016_1314_1400",0.776805009426593
"2016_1314_1401",0.655457873882201
"2016_1314_1403",0.830770830793887
"2016_1314_1409",0.81106934119462
"2016_1314_1421",0.843874685995645
"2016_1314_1423",0.644277453448135
"2016_1314_1425",0.830045216024462
"2016_1314_1428",0.594587764099596
"2016_1314_1433",0.72882949361839
"2016_1314_1435",0.846233258372024
"2016_1314_1437",0.488777023439701
"2016_1314_1438",0.549667902942809
"2016_1314_1451",0.752684446994351
"2016_1314_1452",0.61737524276245
"2016_1314_1453",0.815379620560877
"2016_1314_1455",0.695251490966218
"2016_1314_1458",0.77255729089088
"2016_1314_1462",0.550168684819767
"2016_1314_1463",0.713683494625972
"2016_1320_1323",0.522344826284873
"2016_1320_1328",0.354636059074818
"2016_1320_1332",0.235017787220836
"2016_1320_1333",0.617860022000268
"2016_1320_1338",0.592958801910559
"2016_1320_1344",0.495776234853754
"2016_1320_1345",0.353001829705419
"2016_1320_1355",0.410010817432345
"2016_1320_1371",0.308952495211982
"2016_1320_1372",0.353253403161929
"2016_1320_1380",0.736732322787783
"2016_1320_1386",0.334402012176004
"2016_1320_1392",0.419020161928372
"2016_1320_1393",0.65824094929774
"2016_1320_1396",0.507537272910957
"2016_1320_1400",0.52027841099018
"2016_1320_1401",0.372181903353456
"2016_1320_1403",0.604706511286119
"2016_1320_1409",0.57223801168785
"2016_1320_1421",0.627465633543269
"2016_1320_1423",0.360773844657715
"2016_1320_1425",0.603474236576535
"2016_1320_1428",0.313669048899074
"2016_1320_1433",0.455792386893634
"2016_1320_1435",0.631666510761123
"2016_1320_1437",0.229544521642312
"2016_1320_1438",0.275547446255695
"2016_1320_1451",0.486752000812805
"2016_1320_1452",0.334575377591228
"2016_1320_1453",0.579169895865413
"2016_1320_1455",0.415518338568367
"2016_1320_1458",0.514201772142216
"2016_1320_1462",0.275951521808366
"2016_1320_1463",0.437172901836872
"2016_1323_1328",0.334442246542692
"2016_1323_1332",0.219320552221611
"2016_1323_1333",0.59653208856725
"2016_1323_1338",0.571205593933646
"2016_1323_1344",0.473441434883857
"2016_1323_1345",0.332853079006928
"2016_1323_1355",0.388562303552161
"2016_1323_1371",0.290190314748432
"2016_1323_1372",0.333097685798603
"2016_1323_1380",0.719021771712685
"2016_1323_1386",0.314798361470259
"2016_1323_1392",0.397417817444257
"2016_1323_1393",0.637845739556325
"2016_1323_1396",0.485182464404782
"2016_1323_1400",0.497929832588392
"2016_1323_1401",0.351533205183236
"2016_1323_1403",0.5831397563276
"2016_1323_1409",0.55021741834711
"2016_1323_1421",0.606332227975935
"2016_1323_1423",0.340414885487443
"2016_1323_1425",0.581886736115617
"2016_1323_1428",0.294742606127214
"2016_1323_1433",0.433709490701318
"2016_1323_1435",0.610623531089622
"2016_1323_1437",0.214110536446218
"2016_1323_1438",0.258056351496451
"2016_1323_1451",0.46444927003927
"2016_1323_1452",0.314966372993446
"2016_1323_1453",0.557230037929483
"2016_1323_1455",0.393974104510813
"2016_1323_1458",0.491846596379091
"2016_1323_1462",0.258443927685801
"2016_1323_1463",0.415303682840616
"2016_1328_1332",0.35859463504332
"2016_1328_1333",0.746342046618513
"2016_1328_1338",0.726101626344745
"2016_1328_1344",0.641487659933882
"2016_1328_1345",0.498213033349113
"2016_1328_1355",0.55843220778756
"2016_1328_1371",0.448607461411139
"2016_1328_1372",0.498488360987293
"2016_1328_1380",0.835864698386171
"2016_1328_1386",0.47761007405006
"2016_1328_1392",0.567565505316934
"2016_1328_1393",0.778023881720819
"2016_1328_1396",0.652234034361253
"2016_1328_1400",0.663712023616967
"2016_1328_1401",0.518954557799443
"2016_1328_1403",0.735719339201151
"2016_1328_1409",0.708830405596939
"2016_1328_1421",0.754003914974124
"2016_1328_1423",0.506678430224765
"2016_1328_1425",0.734716308549715
"2016_1328_1428",0.454055180841753
"2016_1328_1433",0.603825129030284
"2016_1328_1435",0.757329736948934
"2016_1328_1437",0.35156605212321
"2016_1328_1438",0.40904030767939
"2016_1328_1451",0.633141547787851
"2016_1328_1452",0.47780438685143
"2016_1328_1453",0.714652565195755
"2016_1328_1455",0.564027458661346
"2016_1328_1458",0.658258858532544
"2016_1328_1462",0.409529481115794
"2016_1328_1463",0.585666334921095
"2016_1332_1333",0.840327430303893
"2016_1332_1338",0.825836442510767
"2016_1332_1344",0.761931084426618
"2016_1332_1345",0.639759659918856
"2016_1332_1355",0.693444144967017
"2016_1332_1371",0.592707721413824
"2016_1332_1372",0.640013439600153
"2016_1332_1380",0.901076622507198
"2016_1332_1386",0.620542009852308
"2016_1332_1392",0.701278702778922
"2016_1332_1393",0.862434195568207
"2016_1332_1396",0.770359590218957
"2016_1332_1400",0.779258336441523
"2016_1332_1401",0.658658923829631
"2016_1332_1403",0.832758682270748
"2016_1332_1409",0.813236590592823
"2016_1332_1421",0.845737194638676
"2016_1332_1423",0.647526519147007
"2016_1332_1425",0.832039867723379
"2016_1332_1428",0.598007503614696
"2016_1332_1433",0.731627974187716
"2016_1332_1435",0.848072695862511
"2016_1332_1437",0.492327231155193
"2016_1332_1438",0.55318181052046
"2016_1332_1451",0.755319392300703
"2016_1332_1452",0.62072537622309
"2016_1332_1453",0.817508551063038
"2016_1332_1455",0.698253029750402
"2016_1332_1458",0.775043787091675
"2016_1332_1462",0.553681857688801
"2016_1332_1463",0.716577498394394
"2016_1333_1338",0.473957479312598
"2016_1333_1344",0.378158829354077
"2016_1333_1345",0.252307129312979
"2016_1333_1355",0.300609825514342
"2016_1333_1371",0.216616135920371
"2016_1333_1372",0.252514948548261
"2016_1333_1380",0.633805700298256
"2016_1333_1386",0.237068897739145
"2016_1333_1392",0.308472126739982
"2016_1333_1393",0.5436362399808
"2016_1333_1396",0.389283835123549
"2016_1333_1400",0.401476498814889
"2016_1333_1401",0.268284714217847
"2016_1333_1403",0.486163479229497
"2016_1333_1409",0.452769513208097
"2016_1333_1421",0.510219740366005
"2016_1333_1423",0.258748778634974
"2016_1333_1425",0.484876459486956
"2016_1333_1428",0.22037258406457
"2016_1333_1433",0.341241097444513
"2016_1333_1435",0.514720214758856
"2016_1333_1437",0.155597094304335
"2016_1333_1438",0.190443440056389
"2016_1333_1451",0.369705749521821
"2016_1333_1452",0.237209785870347
"2016_1333_1453",0.459809821148869
"2016_1333_1455",0.305408514409541
"2016_1333_1458",0.395643050654772
"2016_1333_1462",0.190755576352988
"2016_1333_1463",0.324510733738274
"2016_1338_1344",0.402969823162512
"2016_1338_1345",0.272479113579887
"2016_1338_1355",0.322975459582538
"2016_1338_1371",0.234830830760078
"2016_1338_1372",0.272697488125081
"2016_1338_1380",0.657650797327035
"2016_1338_1386",0.256440430273702
"2016_1338_1392",0.331145756305917
"2016_1338_1393",0.569363462754925
"2016_1338_1396",0.414338393775064
"2016_1338_1400",0.426767418781635
"2016_1338_1401",0.289239950887611
"2016_1338_1403",0.512223618447851
"2016_1338_1409",0.478707273602469
"2016_1338_1421",0.536223697623699
"2016_1338_1423",0.279243430726681
"2016_1338_1425",0.510936209302321
"2016_1338_1428",0.238806859101337
"2016_1338_1433",0.365051855431082
"2016_1338_1435",0.540700325323631
"2016_1338_1437",0.169792948584724
"2016_1338_1438",0.207038983824712
"2016_1338_1451",0.394313816706423
"2016_1338_1452",0.256588958918694
"2016_1338_1453",0.485792862029899
"2016_1338_1455",0.327963755275335
"2016_1338_1458",0.42082486861949
"2016_1338_1462",0.207371352764802
"2016_1338_1463",0.347770385738031
"2016_1344_1345",0.356870125655145
"2016_1344_1355",0.414103988628595
"2016_1344_1371",0.312571285606999
"2016_1344_1372",0.357122934250034
"2016_1344_1380",0.739996197478001
"2016_1344_1386",0.338173019732788
"2016_1344_1392",0.423138768668438
"2016_1344_1393",0.662031524714048
"2016_1344_1396",0.511759540565762
"2016_1344_1400",0.524493784443841
"2016_1344_1401",0.376138189603036
"2016_1344_1403",0.608737916573088
"2016_1344_1409",0.576368571620733
"2016_1344_1421",0.631406409782195
"2016_1344_1423",0.364679303816904
"2016_1344_1425",0.607510052273547
"2016_1344_1428",0.317317716935824
"2016_1344_1433",0.459986266170145
"2016_1344_1435",0.635588657085328
"2016_1344_1437",0.23254619361116
"2016_1344_1438",0.278932894098837
"2016_1344_1451",0.490973745650912
"2016_1344_1452",0.338347346360692
"2016_1344_1453",0.583282264304983
"2016_1344_1455",0.419627386051176
"2016_1344_1458",0.51842111732924
"2016_1344_1462",0.279340019948935
"2016_1344_1463",0.441334395342789
"2016_1345_1355",0.560194033459743
"2016_1345_1371",0.450376198907057
"2016_1345_1372",0.500275330613125
"2016_1345_1380",0.836843000635429
"2016_1345_1386",0.479393742871353
"2016_1345_1392",0.569318994413606
"2016_1345_1393",0.779255889392702
"2016_1345_1396",0.653853585453119
"2016_1345_1400",0.665305551082986
"2016_1345_1401",0.520738714672817
"2016_1345_1403",0.737106806871147
"2016_1345_1409",0.710303453989305
"2016_1345_1421",0.755327312904492
"2016_1345_1423",0.508464992786283
"2016_1345_1425",0.736107153303556
"2016_1345_1428",0.455827640961357
"2016_1345_1433",0.605533776092792
"2016_1345_1435",0.758640970098664
"2016_1345_1437",0.353197263116861
"2016_1345_1438",0.410769259380685
"2016_1345_1451",0.634800228024235
"2016_1345_1452",0.479588115130615
"2016_1345_1453",0.716107955702494
"2016_1345_1455",0.565784318478571
"2016_1345_1458",0.659864983801998
"2016_1345_1462",0.411259061557482
"2016_1345_1463",0.58739978392818
"2016_1355_1371",0.391478801360106
"2016_1355_1372",0.440077324697038
"2016_1355_1380",0.801066598979552
"2016_1355_1386",0.419598620448165
"2016_1355_1392",0.50927984490115
"2016_1355_1393",0.734852933502156
"2016_1355_1396",0.597262573158565
"2016_1355_1400",0.609468544282737
"2016_1355_1401",0.460346676803115
"2016_1355_1403",0.687624173748257
"2016_1355_1409",0.658115779452355
"2016_1355_1421",0.707915226272828
"2016_1355_1423",0.448165311510936
"2016_1355_1425",0.686516383686458
"2016_1355_1428",0.396731930527338
"2016_1355_1433",0.546521863873147
"2016_1355_1435",0.71162584578558
"2016_1355_1437",0.300070071937435
"2016_1355_1438",0.353718040106603
"2016_1355_1451",0.577108893057683
"2016_1355_1452",0.419788297700901
"2016_1355_1453",0.664471998694811
"2016_1355_1455",0.505680256267102
"2016_1355_1458",0.603661037056101
"2016_1355_1462",0.354180705233639
"2016_1355_1463",0.527790569149288
"2016_1371_1372",0.549896404777418
"2016_1371_1380",0.862246385255032
"2016_1371_1386",0.5291367202367
"2016_1371_1392",0.617328416571025
"2016_1371_1393",0.811607016051968
"2016_1371_1396",0.69744749813074
"2016_1371_1400",0.70810106528319
"2016_1371_1401",0.57007405344362
"2016_1371_1403",0.773842337710933
"2016_1371_1409",0.749511586746103
"2016_1371_1421",0.790241321830656
"2016_1371_1423",0.557991353300493
"2016_1371_1425",0.772939341641407
"2016_1371_1428",0.505499663108325
"2016_1371_1433",0.651974032976644
"2016_1371_1435",0.793211583964059
"2016_1371_1437",0.399904311969107
"2016_1371_1438",0.459678898195068
"2016_1371_1451",0.679617955764749
"2016_1371_1452",0.529330754505277
"2016_1371_1453",0.754801683677751
"2016_1371_1455",0.613920559516697
"2016_1371_1458",0.703045652408728
"2016_1371_1462",0.460181473209125
"2016_1371_1463",0.634686976365885
"2016_1372_1380",0.83669257379553
"2016_1372_1386",0.479118886137016
"2016_1372_1392",0.569048935173298
"2016_1372_1393",0.779066385864495
"2016_1372_1396",0.65360428191941
"2016_1372_1400",0.665060270470348
"2016_1372_1401",0.520463851454307
"2016_1372_1403",0.736893336463722
"2016_1372_1409",0.710076779661565
"2016_1372_1421",0.75512372249597
"2016_1372_1423",0.508189738523524
"2016_1372_1425",0.735893162015093
"2016_1372_1428",0.455554472534731
"2016_1372_1433",0.605270680745297
"2016_1372_1435",0.758439255159837
"2016_1372_1437",0.352945707822622
"2016_1372_1438",0.410502723827604
"2016_1372_1451",0.634544871743336
"2016_1372_1452",0.479313249557028
"2016_1372_1453",0.715884006463837
"2016_1372_1455",0.56551373431892
"2016_1372_1458",0.659617755953244
"2016_1372_1462",0.410992429866732
"2016_1372_1463",0.587132840316607
"2016_1380_1386",0.152206970144444
"2016_1380_1392",0.204915557658938
"2016_1380_1393",0.40767426185736
"2016_1380_1396",0.269157365181803
"2016_1380_1400",0.279308317669371
"2016_1380_1401",0.174808978217259
"2016_1380_1403",0.353443123671709
"2016_1380_1409",0.323427363186351
"2016_1380_1421",0.375734326959032
"2016_1380_1423",0.167833468677195
"2016_1380_1425",0.352266581980697
"2016_1380_1428",0.140387550580844
"2016_1380_1433",0.230348093025733
"2016_1380_1435",0.37996883759536
"2016_1380_1437",0.0962209163176824
"2016_1380_1438",0.119654105268768
"2016_1380_1451",0.253116807548288
"2016_1380_1452",0.152307493644168
"2016_1380_1453",0.329668079706383
"2016_1380_1455",0.202579137462218
"2016_1380_1458",0.274436048638539
"2016_1380_1462",0.119867397114622
"2016_1380_1463",0.217261490187194
"2016_1386_1392",0.58941437179115
"2016_1386_1393",0.793115313599146
"2016_1386_1396",0.67227515481638
"2016_1386_1400",0.683412751737906
"2016_1386_1401",0.541274417759645
"2016_1386_1403",0.7527729862164
"2016_1386_1409",0.72697526106967
"2016_1386_1421",0.770246142394957
"2016_1386_1423",0.529050980253735
"2016_1386_1425",0.75181284567984
"2016_1386_1428",0.476347782543352
"2016_1386_1433",0.625052250649694
"2016_1386_1435",0.773418360818101
"2016_1386_1437",0.372257811692627
"2016_1386_1438",0.430867054316805
"2016_1386_1451",0.65369875174952
"2016_1386_1452",0.500194699832031
"2016_1386_1453",0.732571485701904
"2016_1386_1455",0.585924668483296
"2016_1386_1458",0.678124121496093
"2016_1386_1462",0.431363277135101
"2016_1386_1463",0.607233538188119
"2016_1392_1393",0.727556836988571
"2016_1392_1396",0.588301525584131
"2016_1392_1400",0.600597467579006
"2016_1392_1401",0.451138751104337
"2016_1392_1403",0.679595117774818
"2016_1392_1409",0.649714633636307
"2016_1392_1421",0.700180309787598
"2016_1392_1423",0.439002829525778
"2016_1392_1425",0.6784721680766
"2016_1392_1428",0.387881862105122
"2016_1392_1433",0.537306442076222
"2016_1392_1435",0.703948098880521
"2016_1392_1437",0.292331392856765
"2016_1392_1438",0.345278317786709
"2016_1392_1451",0.56802374805956
"2016_1392_1452",0.410774114720279
"2016_1392_1453",0.656145437075747
"2016_1392_1455",0.49639965224131
"2016_1392_1458",0.594745758045818
"2016_1392_1462",0.345735849257401
"2016_1392_1463",0.518529839049853
"2016_1393_1396",0.348573896797953
"2016_1393_1400",0.360243618656726
"2016_1393_1401",0.235352088939753
"2016_1393_1403",0.442665707010923
"2016_1393_1409",0.4098762393985
"2016_1393_1421",0.466523785373871
"2016_1393_1423",0.226624171909411
"2016_1393_1425",0.441394921545427
"2016_1393_1428",0.191779817914489
"2016_1393_1433",0.303062117704882
"2016_1393_1435",0.471009488317203
"2016_1393_1437",0.133964628293125
"2016_1393_1438",0.164912493213798
"2016_1393_1451",0.329937114499692
"2016_1393_1452",0.207012503630466
"2016_1393_1453",0.416757526549684
"2016_1393_1455",0.26959787412171
"2016_1393_1458",0.354654279990344
"2016_1393_1462",0.165191322927126
"2016_1393_1463",0.287386993218029
"2016_1396_1400",0.512748932466369
"2016_1396_1401",0.365164233486205
"2016_1396_1403",0.597476954229066
"2016_1396_1409",0.564841958755463
"2016_1396_1421",0.620391020080005
"2016_1396_1423",0.353850042349341
"2016_1396_1425",0.59623719042486
"2016_1396_1428",0.307214787197879
"2016_1396_1433",0.448323988771866
"2016_1396_1435",0.624623948278006
"2016_1396_1437",0.224255664459389
"2016_1396_1438",0.269569505856969
"2016_1396_1451",0.479223026539645
"2016_1396_1452",0.327896454265881
"2016_1396_1453",0.571804011982674
"2016_1396_1455",0.408214846605812
"2016_1396_1458",0.506667353995752
"2016_1396_1462",0.269968081863275
"2016_1396_1463",0.429768659721847
"2016_1400_1401",0.353423170383653
"2016_1400_1403",0.585151301082732
"2016_1400_1409",0.552265851848225
"2016_1400_1421",0.608307030824587
"2016_1400_1423",0.3422766259374
"2016_1400_1425",0.583900012857351
"2016_1400_1428",0.296466834594042
"2016_1400_1433",0.435744386291217
"2016_1400_1435",0.612590561390595
"2016_1400_1437",0.215507208082147
"2016_1400_1438",0.259644978335665
"2016_1400_1451",0.466509578411617
"2016_1400_1452",0.316755773172151
"2016_1400_1453",0.559272116105204
"2016_1400_1455",0.39595292218662
"2016_1400_1458",0.49391635304937
"2016_1400_1462",0.26003410426571
"2016_1400_1463",0.41731586037396
"2016_1401_1403",0.720709258278999
"2016_1401_1409",0.692930546459764
"2016_1401_1421",0.739664853492649
"2016_1401_1423",0.48771765329878
"2016_1401_1425",0.719670965909976
"2016_1401_1428",0.435325912311348
"2016_1401_1433",0.585543959389981
"2016_1401_1435",0.743118490303217
"2016_1401_1437",0.334474320220996
"2016_1401_1438",0.390838571083848
"2016_1401_1451",0.615351411345143
"2016_1401_1452",0.458918961543405
"2016_1401_1453",0.698935600303668
"2016_1401_1455",0.545292772299873
"2016_1401_1458",0.640996099783031
"2016_1401_1462",0.391320390958127
"2016_1401_1463",0.56714790748021
"2016_1403_1409",0.466518512619061
"2016_1403_1421",0.524042662063496
"2016_1403_1423",0.269507694659385
"2016_1403_1425",0.498711902082495
"2016_1403_1428",0.23003098822511
"2016_1403_1433",0.353792943093548
"2016_1403_1435",0.528533489118039
"2016_1403_1437",0.163010132649341
"2016_1403_1438",0.199125149309202
"2016_1403_1451",0.382696361329731
"2016_1403_1452",0.247371981407426
"2016_1403_1453",0.473587590976111
"2016_1403_1455",0.317277132457672
"2016_1403_1458",0.408953710968106
"2016_1403_1462",0.199448009274997
"2016_1403_1463",0.336761779869356
"2016_1409_1421",0.557339519840442
"2016_1409_1423",0.296713965600109
"2016_1409_1425",0.532198944094801
"2016_1409_1428",0.254641322535436
"2016_1409_1433",0.385023076660529
"2016_1409_1435",0.561778896192807
"2016_1409_1437",0.182146348198704
"2016_1409_1438",0.221379643330614
"2016_1409_1451",0.414839984769936
"2016_1409_1452",0.273179344087643
"2016_1409_1453",0.507094172623229
"2016_1409_1455",0.347014869688823
"2016_1409_1458",0.441724619790142
"2016_1409_1462",0.221728596620125
"2016_1409_1463",0.367343145159961
"2016_1421_1423",0.250984850421568
"2016_1421_1425",0.474672377534251
"2016_1421_1428",0.213428606439895
"2016_1421_1433",0.33211094013028
"2016_1421_1435",0.50450318417083
"2016_1421_1437",0.150300711854822
"2016_1421_1438",0.184219694416611
"2016_1421_1451",0.360230462753715
"2016_1421_1452",0.2298917084164
"2016_1421_1453",0.449672765046518
"2016_1421_1455",0.296805127854231
"2016_1421_1458",0.385910018572898
"2016_1421_1462",0.184523955078448
"2016_1421_1463",0.315613746968911
"2016_1423_1425",0.729476730921576
"2016_1423_1428",0.447441258959696
"2016_1423_1433",0.597416889958328
"2016_1423_1435",0.752386269191793
"2016_1423_1437",0.345500247877634
"2016_1423_1438",0.402598550493345
"2016_1423_1451",0.626914515199525
"2016_1423_1452",0.47114306669353
"2016_1423_1453",0.70917357152121
"2016_1423_1455",0.557447286946041
"2016_1423_1458",0.652223983049555
"2016_1423_1462",0.403085274805057
"2016_1423_1463",0.579169080489738
"2016_1425_1428",0.230944834150165
"2016_1425_1433",0.354971788936001
"2016_1425_1435",0.52981720343816
"2016_1425_1437",0.163714336496322
"2016_1425_1438",0.199948099246532
"2016_1425_1451",0.383914297711535
"2016_1425_1452",0.248332499217063
"2016_1425_1453",0.474872269334217
"2016_1425_1455",0.318394255871145
"2016_1425_1458",0.410199683005428
"2016_1425_1462",0.200271959867075
"2016_1425_1463",0.337913552184643
"2016_1428_1433",0.646965709144069
"2016_1428_1435",0.789579785684521
"2016_1428_1437",0.39463665581024
"2016_1428_1438",0.454219842539832
"2016_1428_1451",0.674809024817506
"2016_1428_1452",0.523846478028659
"2016_1428_1453",0.750707308661859
"2016_1428_1455",0.608693292537697
"2016_1428_1458",0.698432333101571
"2016_1428_1462",0.454721472005399
"2016_1428_1463",0.629571223980828
"2016_1433_1435",0.671872477361524
"2016_1433_1437",0.262388416711947
"2016_1433_1438",0.312305454083048
"2016_1433_1451",0.531032311754683
"2016_1433_1452",0.375130288045071
"2016_1433_1453",0.621674114141716
"2016_1433_1455",0.459115176136098
"2016_1433_1458",0.558263068866212
"2016_1433_1462",0.312740163525147
"2016_1433_1463",0.481171333272404
"2016_1435_1437",0.148014697604066
"2016_1435_1438",0.181528000474114
"2016_1435_1451",0.356089592012569
"2016_1435_1452",0.226718146912941
"2016_1435_1453",0.445219241344279
"2016_1435_1455",0.293059366212943
"2016_1435_1458",0.381650052160004
"2016_1435_1462",0.181828806373091
"2016_1435_1463",0.311735844729739
"2016_1437_1438",0.560755413956024
"2016_1437_1451",0.760947370578479
"2016_1437_1452",0.62792416153634
"2016_1437_1453",0.82204311318619
"2016_1437_1455",0.704680400500455
"2016_1437_1458",0.780350012258025
"2016_1437_1462",0.56125370774602
"2016_1437_1463",0.722769519063845
"2016_1438_1451",0.713746900590529
"2016_1438_1452",0.569323913067798
"2016_1438_1453",0.783473297661904
"2016_1438_1455",0.651458816116602
"2016_1438_1458",0.735649675616591
"2016_1438_1462",0.500505823466731
"2016_1438_1463",0.671287221422434
"2016_1451_1452",0.346477571373409
"2016_1451_1453",0.592031787572437
"2016_1451_1455",0.428446001097625
"2016_1451_1458",0.527429128708508
"2016_1451_1462",0.286666662011674
"2016_1451_1463",0.450255284281467
"2016_1452_1453",0.732418883092607
"2016_1452_1455",0.585735705919585
"2016_1452_1458",0.677954107982199
"2016_1452_1462",0.431172256437355
"2016_1452_1463",0.607047778280817
"2016_1453_1455",0.340612631373968
"2016_1453_1458",0.434738367875918
"2016_1453_1462",0.216870136732737
"2016_1453_1463",0.360773073160725
"2016_1455_1458",0.598212098272998
"2016_1455_1462",0.34900073427539
"2016_1455_1463",0.522124282822918
"2016_1458_1462",0.264743980475261
"2016_1458_1463",0.42324506992289
"2016_1462_1463",0.670840605224915
